file,pipeline,base_design,trojan_type,variant,rewrite_rate,label,gates,trojan_gates,bytes
top1_trojan0_0_netlist.v,design_compiler,top1,0,0,,TROJANED,924,121,42468
top1_trojan0_10_netlist.v,design_compiler,top1,0,10,,TROJANED,948,145,43953
top1_trojan0_11_netlist.v,design_compiler,top1,0,11,,TROJANED,774,67,34757
top1_trojan0_12_netlist.v,design_compiler,top1,0,12,,TROJANED,824,85,37327
top1_trojan0_13_netlist.v,design_compiler,top1,0,13,,TROJANED,874,103,39897
top1_trojan0_14_netlist.v,design_compiler,top1,0,14,,TROJANED,942,139,43838
top1_trojan0_15_netlist.v,design_compiler,top1,0,15,,TROJANED,960,157,45211
top1_trojan0_16_netlist.v,design_compiler,top1,0,16,,TROJANED,978,175,46608
top1_trojan0_17_netlist.v,design_compiler,top1,0,17,,TROJANED,996,193,48014
top1_trojan0_18_netlist.v,design_compiler,top1,0,18,,TROJANED,749,58,33458
top1_trojan0_19_netlist.v,design_compiler,top1,0,19,,TROJANED,799,76,36042
top1_trojan0_1_netlist.v,design_compiler,top1,0,1,,TROJANED,924,121,42468
top1_trojan0_20_netlist.v,design_compiler,top1,0,20,,TROJANED,849,94,38612
top1_trojan0_21_netlist.v,design_compiler,top1,0,21,,TROJANED,899,112,41182
top1_trojan0_22_netlist.v,design_compiler,top1,0,22,,TROJANED,933,130,43153
top1_trojan0_23_netlist.v,design_compiler,top1,0,23,,TROJANED,951,148,44524
top1_trojan0_24_netlist.v,design_compiler,top1,0,24,,TROJANED,969,166,45906
top1_trojan0_2_netlist.v,design_compiler,top1,0,2,,TROJANED,987,184,47310
top1_trojan0_3_netlist.v,design_compiler,top1,0,3,,TROJANED,916,113,41968
top1_trojan0_4_netlist.v,design_compiler,top1,0,4,,TROJANED,920,117,42215
top1_trojan0_5_netlist.v,design_compiler,top1,0,5,,TROJANED,923,120,42505
top1_trojan0_6_netlist.v,design_compiler,top1,0,6,,TROJANED,932,129,42962
top1_trojan0_7_netlist.v,design_compiler,top1,0,7,,TROJANED,936,133,43209
top1_trojan0_8_netlist.v,design_compiler,top1,0,8,,TROJANED,940,137,43459
top1_trojan0_9_netlist.v,design_compiler,top1,0,9,,TROJANED,939,136,43499
top1_trojan1_0_netlist.v,design_compiler,top1,1,0,,TROJANED,470,17,18793
top1_trojan1_10_netlist.v,design_compiler,top1,1,10,,TROJANED,551,98,22414
top1_trojan1_11_netlist.v,design_compiler,top1,1,11,,TROJANED,558,105,22735
top1_trojan1_12_netlist.v,design_compiler,top1,1,12,,TROJANED,565,112,23056
top1_trojan1_13_netlist.v,design_compiler,top1,1,13,,TROJANED,469,16,18745
top1_trojan1_14_netlist.v,design_compiler,top1,1,14,,TROJANED,470,17,18795
top1_trojan1_15_netlist.v,design_compiler,top1,1,15,,TROJANED,469,16,18761
top1_trojan1_16_netlist.v,design_compiler,top1,1,16,,TROJANED,470,17,18795
top1_trojan1_17_netlist.v,design_compiler,top1,1,17,,TROJANED,469,16,18761
top1_trojan1_18_netlist.v,design_compiler,top1,1,18,,TROJANED,470,17,18801
top1_trojan1_19_netlist.v,design_compiler,top1,1,19,,TROJANED,470,17,18800
top1_trojan1_1_netlist.v,design_compiler,top1,1,1,,TROJANED,478,25,19123
top1_trojan1_20_netlist.v,design_compiler,top1,1,20,,TROJANED,470,17,18801
top1_trojan1_21_netlist.v,design_compiler,top1,1,21,,TROJANED,471,18,18841
top1_trojan1_22_netlist.v,design_compiler,top1,1,22,,TROJANED,472,19,18875
top1_trojan1_23_netlist.v,design_compiler,top1,1,23,,TROJANED,471,18,18841
top1_trojan1_24_netlist.v,design_compiler,top1,1,24,,TROJANED,483,30,19310
top1_trojan1_2_netlist.v,design_compiler,top1,1,2,,TROJANED,496,43,19916
top1_trojan1_3_netlist.v,design_compiler,top1,1,3,,TROJANED,503,50,20238
top1_trojan1_4_netlist.v,design_compiler,top1,1,4,,TROJANED,510,57,20560
top1_trojan1_5_netlist.v,design_compiler,top1,1,5,,TROJANED,517,64,20882
top1_trojan1_6_netlist.v,design_compiler,top1,1,6,,TROJANED,524,71,21204
top1_trojan1_7_netlist.v,design_compiler,top1,1,7,,TROJANED,529,76,21446
top1_trojan1_8_netlist.v,design_compiler,top1,1,8,,TROJANED,537,84,21772
top1_trojan1_9_netlist.v,design_compiler,top1,1,9,,TROJANED,544,91,22093
top1_trojan2_0_netlist.v,design_compiler,top1,2,0,,TROJANED,990,25,41294
top1_trojan2_10_netlist.v,design_compiler,top1,2,10,,TROJANED,1032,67,43501
top1_trojan2_11_netlist.v,design_compiler,top1,2,11,,TROJANED,1038,73,43817
top1_trojan2_12_netlist.v,design_compiler,top1,2,12,,TROJANED,974,21,40600
top1_trojan2_13_netlist.v,design_compiler,top1,2,13,,TROJANED,983,24,40981
top1_trojan2_14_netlist.v,design_compiler,top1,2,14,,TROJANED,994,29,41520
top1_trojan2_15_netlist.v,design_compiler,top1,2,15,,TROJANED,998,33,41753
top1_trojan2_16_netlist.v,design_compiler,top1,2,16,,TROJANED,1002,37,41985
top1_trojan2_17_netlist.v,design_compiler,top1,2,17,,TROJANED,1006,41,42221
top1_trojan2_18_netlist.v,design_compiler,top1,2,18,,TROJANED,1011,46,42493
top1_trojan2_19_netlist.v,design_compiler,top1,2,19,,TROJANED,1014,49,42695
top1_trojan2_1_netlist.v,design_compiler,top1,2,1,,TROJANED,990,25,41294
top1_trojan2_20_netlist.v,design_compiler,top1,2,20,,TROJANED,1019,54,42967
top1_trojan2_21_netlist.v,design_compiler,top1,2,21,,TROJANED,1022,57,43169
top1_trojan2_22_netlist.v,design_compiler,top1,2,22,,TROJANED,1014,49,42632
top1_trojan2_23_netlist.v,design_compiler,top1,2,23,,TROJANED,1038,73,43817
top1_trojan2_24_netlist.v,design_compiler,top1,2,24,,TROJANED,966,13,40146
top1_trojan2_2_netlist.v,design_compiler,top1,2,2,,TROJANED,966,13,40146
top1_trojan2_3_netlist.v,design_compiler,top1,2,3,,TROJANED,978,19,40718
top1_trojan2_4_netlist.v,design_compiler,top1,2,4,,TROJANED,996,31,41600
top1_trojan2_5_netlist.v,design_compiler,top1,2,5,,TROJANED,1002,37,41913
top1_trojan2_6_netlist.v,design_compiler,top1,2,6,,TROJANED,1008,43,42233
top1_trojan2_7_netlist.v,design_compiler,top1,2,7,,TROJANED,1014,49,42632
top1_trojan2_8_netlist.v,design_compiler,top1,2,8,,TROJANED,1020,55,42869
top1_trojan2_9_netlist.v,design_compiler,top1,2,9,,TROJANED,1026,61,43185
top1_trojan3_0_netlist.v,design_compiler,top1,3,0,,TROJANED,737,102,31626
top1_trojan3_10_netlist.v,design_compiler,top1,3,10,,TROJANED,791,156,34358
top1_trojan3_11_netlist.v,design_compiler,top1,3,11,,TROJANED,799,164,34770
top1_trojan3_12_netlist.v,design_compiler,top1,3,12,,TROJANED,807,172,35182
top1_trojan3_13_netlist.v,design_compiler,top1,3,13,,TROJANED,668,65,28659
top1_trojan3_14_netlist.v,design_compiler,top1,3,14,,TROJANED,699,86,29936
top1_trojan3_15_netlist.v,design_compiler,top1,3,15,,TROJANED,715,92,30526
top1_trojan3_16_netlist.v,design_compiler,top1,3,16,,TROJANED,721,92,30917
top1_trojan3_17_netlist.v,design_compiler,top1,3,17,,TROJANED,756,112,32637
top1_trojan3_18_netlist.v,design_compiler,top1,3,18,,TROJANED,784,122,33861
top1_trojan3_19_netlist.v,design_compiler,top1,3,19,,TROJANED,812,132,35087
top1_trojan3_1_netlist.v,design_compiler,top1,3,1,,TROJANED,807,172,34367
top1_trojan3_20_netlist.v,design_compiler,top1,3,20,,TROJANED,840,142,36311
top1_trojan3_21_netlist.v,design_compiler,top1,3,21,,TROJANED,706,103,30567
top1_trojan3_22_netlist.v,design_compiler,top1,3,22,,TROJANED,878,180,38219
top1_trojan3_23_netlist.v,design_compiler,top1,3,23,,TROJANED,738,135,32215
top1_trojan3_24_netlist.v,design_compiler,top1,3,24,,TROJANED,910,212,39867
top1_trojan3_2_netlist.v,design_compiler,top1,3,2,,TROJANED,749,114,32146
top1_trojan3_3_netlist.v,design_compiler,top1,3,3,,TROJANED,725,90,30994
top1_trojan3_4_netlist.v,design_compiler,top1,3,4,,TROJANED,732,97,31354
top1_trojan3_5_netlist.v,design_compiler,top1,3,5,,TROJANED,744,109,31986
top1_trojan3_6_netlist.v,design_compiler,top1,3,6,,TROJANED,759,124,32710
top1_trojan3_7_netlist.v,design_compiler,top1,3,7,,TROJANED,767,132,33122
top1_trojan3_8_netlist.v,design_compiler,top1,3,8,,TROJANED,775,140,33534
top1_trojan3_9_netlist.v,design_compiler,top1,3,9,,TROJANED,783,148,33946
top1_trojan4_0_netlist.v,design_compiler,top1,4,0,,TROJANED,1157,150,51750
top1_trojan4_10_netlist.v,design_compiler,top1,4,10,,TROJANED,1174,167,53067
top1_trojan4_11_netlist.v,design_compiler,top1,4,11,,TROJANED,963,52,41703
top1_trojan4_12_netlist.v,design_compiler,top1,4,12,,TROJANED,987,60,42959
top1_trojan4_13_netlist.v,design_compiler,top1,4,13,,TROJANED,1027,84,44952
top1_trojan4_14_netlist.v,design_compiler,top1,4,14,,TROJANED,1051,92,46232
top1_trojan4_15_netlist.v,design_compiler,top1,4,15,,TROJANED,1091,116,48238
top1_trojan4_16_netlist.v,design_compiler,top1,4,16,,TROJANED,1115,124,49518
top1_trojan4_17_netlist.v,design_compiler,top1,4,17,,TROJANED,1165,158,52438
top1_trojan4_18_netlist.v,design_compiler,top1,4,18,,TROJANED,1190,183,53885
top1_trojan4_19_netlist.v,design_compiler,top1,4,19,,TROJANED,1198,191,54573
top1_trojan4_1_netlist.v,design_compiler,top1,4,1,,TROJANED,1157,150,51750
top1_trojan4_20_netlist.v,design_compiler,top1,4,20,,TROJANED,1223,216,56020
top1_trojan4_21_netlist.v,design_compiler,top1,4,21,,TROJANED,1232,225,56755
top1_trojan4_22_netlist.v,design_compiler,top1,4,22,,TROJANED,1263,256,58436
top1_trojan4_23_netlist.v,design_compiler,top1,4,23,,TROJANED,1273,266,59216
top1_trojan4_24_netlist.v,design_compiler,top1,4,24,,TROJANED,1299,292,60722
top1_trojan4_2_netlist.v,design_compiler,top1,4,2,,TROJANED,1157,150,51750
top1_trojan4_3_netlist.v,design_compiler,top1,4,3,,TROJANED,1159,152,51916
top1_trojan4_4_netlist.v,design_compiler,top1,4,4,,TROJANED,1161,154,52082
top1_trojan4_5_netlist.v,design_compiler,top1,4,5,,TROJANED,1163,156,52248
top1_trojan4_6_netlist.v,design_compiler,top1,4,6,,TROJANED,1165,158,52414
top1_trojan4_7_netlist.v,design_compiler,top1,4,7,,TROJANED,1167,160,52580
top1_trojan4_8_netlist.v,design_compiler,top1,4,8,,TROJANED,1170,163,52771
top1_trojan4_9_netlist.v,design_compiler,top1,4,9,,TROJANED,1172,165,52929
top1_trojan5_0_netlist.v,design_compiler,top1,5,0,,TROJANED,1123,41,62352
top1_trojan5_10_netlist.v,design_compiler,top1,5,10,,TROJANED,1117,41,62081
top1_trojan5_11_netlist.v,design_compiler,top1,5,11,,TROJANED,1117,41,62081
top1_trojan5_12_netlist.v,design_compiler,top1,5,12,,TROJANED,1117,41,62081
top1_trojan5_13_netlist.v,design_compiler,top1,5,13,,TROJANED,1087,17,60944
top1_trojan5_14_netlist.v,design_compiler,top1,5,14,,TROJANED,1101,27,61540
top1_trojan5_15_netlist.v,design_compiler,top1,5,15,,TROJANED,1103,25,61615
top1_trojan5_16_netlist.v,design_compiler,top1,5,16,,TROJANED,1113,30,62078
top1_trojan5_17_netlist.v,design_compiler,top1,5,17,,TROJANED,1113,30,62100
top1_trojan5_18_netlist.v,design_compiler,top1,5,18,,TROJANED,1113,30,62122
top1_trojan5_19_netlist.v,design_compiler,top1,5,19,,TROJANED,1113,30,62144
top1_trojan5_1_netlist.v,design_compiler,top1,5,1,,TROJANED,1124,42,62398
top1_trojan5_20_netlist.v,design_compiler,top1,5,20,,TROJANED,1113,30,62166
top1_trojan5_21_netlist.v,design_compiler,top1,5,21,,TROJANED,1122,40,62300
top1_trojan5_22_netlist.v,design_compiler,top1,5,22,,TROJANED,1125,43,62431
top1_trojan5_23_netlist.v,design_compiler,top1,5,23,,TROJANED,1082,43,60243
top1_trojan5_24_netlist.v,design_compiler,top1,5,24,,TROJANED,1120,43,62213
top1_trojan5_2_netlist.v,design_compiler,top1,5,2,,TROJANED,1123,41,62351
top1_trojan5_3_netlist.v,design_compiler,top1,5,3,,TROJANED,1152,70,63726
top1_trojan5_4_netlist.v,design_compiler,top1,5,4,,TROJANED,1130,48,62637
top1_trojan5_5_netlist.v,design_compiler,top1,5,5,,TROJANED,996,41,56019
top1_trojan5_6_netlist.v,design_compiler,top1,5,6,,TROJANED,1040,41,58187
top1_trojan5_7_netlist.v,design_compiler,top1,5,7,,TROJANED,1079,41,60118
top1_trojan5_8_netlist.v,design_compiler,top1,5,8,,TROJANED,1117,41,62089
top1_trojan5_9_netlist.v,design_compiler,top1,5,9,,TROJANED,1117,41,62081
top1_trojan6_0_netlist.v,design_compiler,top1,6,0,,TROJANED,1465,34,61278
top1_trojan6_10_netlist.v,design_compiler,top1,6,10,,TROJANED,1481,49,61984
top1_trojan6_11_netlist.v,design_compiler,top1,6,11,,TROJANED,1485,53,62165
top1_trojan6_12_netlist.v,design_compiler,top1,6,12,,TROJANED,1489,57,62345
top1_trojan6_13_netlist.v,design_compiler,top1,6,13,,TROJANED,1494,62,62562
top1_trojan6_14_netlist.v,design_compiler,top1,6,14,,TROJANED,1497,65,62702
top1_trojan6_15_netlist.v,design_compiler,top1,6,15,,TROJANED,1408,34,58736
top1_trojan6_16_netlist.v,design_compiler,top1,6,16,,TROJANED,1435,34,59943
top1_trojan6_17_netlist.v,design_compiler,top1,6,17,,TROJANED,1467,34,61361
top1_trojan6_18_netlist.v,design_compiler,top1,6,18,,TROJANED,1467,34,61361
top1_trojan6_19_netlist.v,design_compiler,top1,6,19,,TROJANED,1467,34,61361
top1_trojan6_1_netlist.v,design_compiler,top1,6,1,,TROJANED,1465,34,61278
top1_trojan6_20_netlist.v,design_compiler,top1,6,20,,TROJANED,1467,34,61361
top1_trojan6_21_netlist.v,design_compiler,top1,6,21,,TROJANED,1493,62,62646
top1_trojan6_22_netlist.v,design_compiler,top1,6,22,,TROJANED,1464,33,61240
top1_trojan6_23_netlist.v,design_compiler,top1,6,23,,TROJANED,1465,34,61278
top1_trojan6_24_netlist.v,design_compiler,top1,6,24,,TROJANED,1466,35,61319
top1_trojan6_2_netlist.v,design_compiler,top1,6,2,,TROJANED,1464,33,61240
top1_trojan6_3_netlist.v,design_compiler,top1,6,3,,TROJANED,1390,17,57819
top1_trojan6_4_netlist.v,design_compiler,top1,6,4,,TROJANED,1411,22,58776
top1_trojan6_5_netlist.v,design_compiler,top1,6,5,,TROJANED,1426,25,59476
top1_trojan6_6_netlist.v,design_compiler,top1,6,6,,TROJANED,1445,29,60358
top1_trojan6_7_netlist.v,design_compiler,top1,6,7,,TROJANED,1469,37,61458
top1_trojan6_8_netlist.v,design_compiler,top1,6,8,,TROJANED,1473,41,61634
top1_trojan6_9_netlist.v,design_compiler,top1,6,9,,TROJANED,1477,45,61810
top1_trojan7_0_netlist.v,design_compiler,top1,7,0,,TROJANED,840,67,32690
top1_trojan7_10_netlist.v,design_compiler,top1,7,10,,TROJANED,858,99,33540
top1_trojan7_11_netlist.v,design_compiler,top1,7,11,,TROJANED,867,108,33914
top1_trojan7_12_netlist.v,design_compiler,top1,7,12,,TROJANED,874,115,34220
top1_trojan7_13_netlist.v,design_compiler,top1,7,13,,TROJANED,883,124,34594
top1_trojan7_14_netlist.v,design_compiler,top1,7,14,,TROJANED,890,131,34899
top1_trojan7_15_netlist.v,design_compiler,top1,7,15,,TROJANED,840,67,32690
top1_trojan7_16_netlist.v,design_compiler,top1,7,16,,TROJANED,840,67,32690
top1_trojan7_17_netlist.v,design_compiler,top1,7,17,,TROJANED,840,67,32690
top1_trojan7_18_netlist.v,design_compiler,top1,7,18,,TROJANED,840,67,32690
top1_trojan7_19_netlist.v,design_compiler,top1,7,19,,TROJANED,840,67,32690
top1_trojan7_1_netlist.v,design_compiler,top1,7,1,,TROJANED,840,67,32690
top1_trojan7_20_netlist.v,design_compiler,top1,7,20,,TROJANED,840,67,32690
top1_trojan7_21_netlist.v,design_compiler,top1,7,21,,TROJANED,838,65,32618
top1_trojan7_22_netlist.v,design_compiler,top1,7,22,,TROJANED,839,66,32654
top1_trojan7_23_netlist.v,design_compiler,top1,7,23,,TROJANED,841,68,32738
top1_trojan7_24_netlist.v,design_compiler,top1,7,24,,TROJANED,842,69,32786
top1_trojan7_2_netlist.v,design_compiler,top1,7,2,,TROJANED,838,65,32614
top1_trojan7_3_netlist.v,design_compiler,top1,7,3,,TROJANED,809,36,31380
top1_trojan7_4_netlist.v,design_compiler,top1,7,4,,TROJANED,816,43,31678
top1_trojan7_5_netlist.v,design_compiler,top1,7,5,,TROJANED,824,51,32011
top1_trojan7_6_netlist.v,design_compiler,top1,7,6,,TROJANED,833,60,32385
top1_trojan7_7_netlist.v,design_compiler,top1,7,7,,TROJANED,846,75,32950
top1_trojan7_8_netlist.v,design_compiler,top1,7,8,,TROJANED,851,84,33180
top1_trojan7_9_netlist.v,design_compiler,top1,7,9,,TROJANED,855,92,33377
top1_trojan8_0_netlist.v,design_compiler,top1,8,0,,TROJANED,6276,5424,280266
top1_trojan8_10_netlist.v,design_compiler,top1,8,10,,TROJANED,338,134,13721
top1_trojan8_11_netlist.v,design_compiler,top1,8,11,,TROJANED,215,13,8787
top1_trojan8_12_netlist.v,design_compiler,top1,8,12,,TROJANED,259,56,10599
top1_trojan8_13_netlist.v,design_compiler,top1,8,13,,TROJANED,334,141,13568
top1_trojan8_14_netlist.v,design_compiler,top1,8,14,,TROJANED,405,197,16631
top1_trojan8_15_netlist.v,design_compiler,top1,8,15,,TROJANED,181,19,7460
top1_trojan8_16_netlist.v,design_compiler,top1,8,16,,TROJANED,6205,5353,277183
top1_trojan8_17_netlist.v,design_compiler,top1,8,17,,TROJANED,6256,5404,279402
top1_trojan8_18_netlist.v,design_compiler,top1,8,18,,TROJANED,349,52,14198
top1_trojan8_19_netlist.v,design_compiler,top1,8,19,,TROJANED,914,500,37676
top1_trojan8_1_netlist.v,design_compiler,top1,8,1,,TROJANED,159,15,6591
top1_trojan8_20_netlist.v,design_compiler,top1,8,20,,TROJANED,1449,620,60718
top1_trojan8_21_netlist.v,design_compiler,top1,8,21,,TROJANED,1457,1108,61509
top1_trojan8_22_netlist.v,design_compiler,top1,8,22,,TROJANED,2381,1967,103943
top1_trojan8_23_netlist.v,design_compiler,top1,8,23,,TROJANED,4842,4010,214181
top1_trojan8_24_netlist.v,design_compiler,top1,8,24,,TROJANED,4763,3934,210917
top1_trojan8_2_netlist.v,design_compiler,top1,8,2,,TROJANED,167,16,6922
top1_trojan8_3_netlist.v,design_compiler,top1,8,3,,TROJANED,215,13,8787
top1_trojan8_4_netlist.v,design_compiler,top1,8,4,,TROJANED,215,13,8787
top1_trojan8_5_netlist.v,design_compiler,top1,8,5,,TROJANED,259,56,10599
top1_trojan8_6_netlist.v,design_compiler,top1,8,6,,TROJANED,255,63,10445
top1_trojan8_7_netlist.v,design_compiler,top1,8,7,,TROJANED,324,141,13201
top1_trojan8_8_netlist.v,design_compiler,top1,8,8,,TROJANED,398,194,16176
top1_trojan8_9_netlist.v,design_compiler,top1,8,9,,TROJANED,402,194,16390
top1_trojan9_0_netlist.v,design_compiler,top1,9,0,,TROJANED,2397,2133,103858
top1_trojan9_10_netlist.v,design_compiler,top1,9,10,,TROJANED,809,642,33144
top1_trojan9_11_netlist.v,design_compiler,top1,9,11,,TROJANED,845,631,34803
top1_trojan9_12_netlist.v,design_compiler,top1,9,12,,TROJANED,881,667,36160
top1_trojan9_13_netlist.v,design_compiler,top1,9,13,,TROJANED,1576,1349,66534
top1_trojan9_14_netlist.v,design_compiler,top1,9,14,,TROJANED,1091,864,44702
top1_trojan9_15_netlist.v,design_compiler,top1,9,15,,TROJANED,1148,965,47955
top1_trojan9_16_netlist.v,design_compiler,top1,9,16,,TROJANED,1963,1742,84295
top1_trojan9_17_netlist.v,design_compiler,top1,9,17,,TROJANED,2438,2174,105758
top1_trojan9_18_netlist.v,design_compiler,top1,9,18,,TROJANED,3816,3546,166906
top1_trojan9_19_netlist.v,design_compiler,top1,9,19,,TROJANED,4333,4063,189667
top1_trojan9_1_netlist.v,design_compiler,top1,9,1,,TROJANED,925,661,37121
top1_trojan9_20_netlist.v,design_compiler,top1,9,20,,TROJANED,637,518,26645
top1_trojan9_21_netlist.v,design_compiler,top1,9,21,,TROJANED,8801,8531,389835
top1_trojan9_22_netlist.v,design_compiler,top1,9,22,,TROJANED,2397,2133,103946
top1_trojan9_23_netlist.v,design_compiler,top1,9,23,,TROJANED,2390,2126,103625
top1_trojan9_24_netlist.v,design_compiler,top1,9,24,,TROJANED,2407,2143,104372
top1_trojan9_2_netlist.v,design_compiler,top1,9,2,,TROJANED,1238,974,51380
top1_trojan9_3_netlist.v,design_compiler,top1,9,3,,TROJANED,515,272,20923
top1_trojan9_4_netlist.v,design_compiler,top1,9,4,,TROJANED,2282,2018,98431
top1_trojan9_5_netlist.v,design_compiler,top1,9,5,,TROJANED,1971,1722,84497
top1_trojan9_6_netlist.v,design_compiler,top1,9,6,,TROJANED,2063,1816,88796
top1_trojan9_7_netlist.v,design_compiler,top1,9,7,,TROJANED,1942,1698,83275
top1_trojan9_8_netlist.v,design_compiler,top1,9,8,,TROJANED,2008,1761,86105
top1_trojan9_9_netlist.v,design_compiler,top1,9,9,,TROJANED,2171,1966,93810
top2_trojan0_0_netlist.v,design_compiler,top2,0,0,,TROJANED,529,121,28706
top2_trojan0_10_netlist.v,design_compiler,top2,0,10,,TROJANED,553,145,30191
top2_trojan0_11_netlist.v,design_compiler,top2,0,11,,TROJANED,475,67,24595
top2_trojan0_12_netlist.v,design_compiler,top2,0,12,,TROJANED,493,85,25965
top2_trojan0_13_netlist.v,design_compiler,top2,0,13,,TROJANED,511,103,27335
top2_trojan0_14_netlist.v,design_compiler,top2,0,14,,TROJANED,547,139,30076
top2_trojan0_15_netlist.v,design_compiler,top2,0,15,,TROJANED,565,157,31449
top2_trojan0_16_netlist.v,design_compiler,top2,0,16,,TROJANED,583,175,32846
top2_trojan0_17_netlist.v,design_compiler,top2,0,17,,TROJANED,601,193,34252
top2_trojan0_18_netlist.v,design_compiler,top2,0,18,,TROJANED,466,58,23894
top2_trojan0_19_netlist.v,design_compiler,top2,0,19,,TROJANED,484,76,25280
top2_trojan0_1_netlist.v,design_compiler,top2,0,1,,TROJANED,529,121,28706
top2_trojan0_20_netlist.v,design_compiler,top2,0,20,,TROJANED,502,94,26650
top2_trojan0_21_netlist.v,design_compiler,top2,0,21,,TROJANED,520,112,28020
top2_trojan0_22_netlist.v,design_compiler,top2,0,22,,TROJANED,538,130,29391
top2_trojan0_23_netlist.v,design_compiler,top2,0,23,,TROJANED,556,148,30762
top2_trojan0_24_netlist.v,design_compiler,top2,0,24,,TROJANED,574,166,32144
top2_trojan0_2_netlist.v,design_compiler,top2,0,2,,TROJANED,592,184,33548
top2_trojan0_3_netlist.v,design_compiler,top2,0,3,,TROJANED,521,113,28206
top2_trojan0_4_netlist.v,design_compiler,top2,0,4,,TROJANED,525,117,28453
top2_trojan0_5_netlist.v,design_compiler,top2,0,5,,TROJANED,528,120,28743
top2_trojan0_6_netlist.v,design_compiler,top2,0,6,,TROJANED,537,129,29200
top2_trojan0_7_netlist.v,design_compiler,top2,0,7,,TROJANED,541,133,29447
top2_trojan0_8_netlist.v,design_compiler,top2,0,8,,TROJANED,545,137,29697
top2_trojan0_9_netlist.v,design_compiler,top2,0,9,,TROJANED,544,136,29737
top2_trojan1_0_netlist.v,design_compiler,top2,1,0,,TROJANED,427,17,17473
top2_trojan1_10_netlist.v,design_compiler,top2,1,10,,TROJANED,508,98,21082
top2_trojan1_11_netlist.v,design_compiler,top2,1,11,,TROJANED,515,105,21402
top2_trojan1_12_netlist.v,design_compiler,top2,1,12,,TROJANED,522,112,21722
top2_trojan1_13_netlist.v,design_compiler,top2,1,13,,TROJANED,426,16,17426
top2_trojan1_14_netlist.v,design_compiler,top2,1,14,,TROJANED,428,17,17559
top2_trojan1_15_netlist.v,design_compiler,top2,1,15,,TROJANED,427,16,17525
top2_trojan1_16_netlist.v,design_compiler,top2,1,16,,TROJANED,428,17,17559
top2_trojan1_17_netlist.v,design_compiler,top2,1,17,,TROJANED,427,16,17525
top2_trojan1_18_netlist.v,design_compiler,top2,1,18,,TROJANED,429,17,17635
top2_trojan1_19_netlist.v,design_compiler,top2,1,19,,TROJANED,429,17,17634
top2_trojan1_1_netlist.v,design_compiler,top2,1,1,,TROJANED,435,25,17801
top2_trojan1_20_netlist.v,design_compiler,top2,1,20,,TROJANED,429,17,17635
top2_trojan1_21_netlist.v,design_compiler,top2,1,21,,TROJANED,431,18,17745
top2_trojan1_22_netlist.v,design_compiler,top2,1,22,,TROJANED,432,19,17779
top2_trojan1_23_netlist.v,design_compiler,top2,1,23,,TROJANED,431,18,17745
top2_trojan1_24_netlist.v,design_compiler,top2,1,24,,TROJANED,440,30,17991
top2_trojan1_2_netlist.v,design_compiler,top2,1,2,,TROJANED,453,43,18593
top2_trojan1_3_netlist.v,design_compiler,top2,1,3,,TROJANED,460,50,18914
top2_trojan1_4_netlist.v,design_compiler,top2,1,4,,TROJANED,467,57,19235
top2_trojan1_5_netlist.v,design_compiler,top2,1,5,,TROJANED,474,64,19556
top2_trojan1_6_netlist.v,design_compiler,top2,1,6,,TROJANED,481,71,19877
top2_trojan1_7_netlist.v,design_compiler,top2,1,7,,TROJANED,486,76,20118
top2_trojan1_8_netlist.v,design_compiler,top2,1,8,,TROJANED,494,84,20442
top2_trojan1_9_netlist.v,design_compiler,top2,1,9,,TROJANED,501,91,20762
top2_trojan2_0_netlist.v,design_compiler,top2,2,0,,TROJANED,1288,25,54384
top2_trojan2_10_netlist.v,design_compiler,top2,2,10,,TROJANED,1344,67,57867
top2_trojan2_11_netlist.v,design_compiler,top2,2,11,,TROJANED,1352,73,58367
top2_trojan2_12_netlist.v,design_compiler,top2,2,12,,TROJANED,1284,21,54174
top2_trojan2_13_netlist.v,design_compiler,top2,2,13,,TROJANED,1287,24,54317
top2_trojan2_14_netlist.v,design_compiler,top2,2,14,,TROJANED,1292,29,54624
top2_trojan2_15_netlist.v,design_compiler,top2,2,15,,TROJANED,1296,33,54871
top2_trojan2_16_netlist.v,design_compiler,top2,2,16,,TROJANED,1300,37,55115
top2_trojan2_17_netlist.v,design_compiler,top2,2,17,,TROJANED,1304,41,55361
top2_trojan2_18_netlist.v,design_compiler,top2,2,18,,TROJANED,1309,46,55646
top2_trojan2_19_netlist.v,design_compiler,top2,2,19,,TROJANED,1312,49,55855
top2_trojan2_1_netlist.v,design_compiler,top2,2,1,,TROJANED,1288,25,54384
top2_trojan2_20_netlist.v,design_compiler,top2,2,20,,TROJANED,1317,54,56140
top2_trojan2_21_netlist.v,design_compiler,top2,2,21,,TROJANED,1320,57,56349
top2_trojan2_22_netlist.v,design_compiler,top2,2,22,,TROJANED,1320,49,56368
top2_trojan2_23_netlist.v,design_compiler,top2,2,23,,TROJANED,1352,73,58367
top2_trojan2_24_netlist.v,design_compiler,top2,2,24,,TROJANED,1276,13,53691
top2_trojan2_2_netlist.v,design_compiler,top2,2,2,,TROJANED,1276,13,53691
top2_trojan2_3_netlist.v,design_compiler,top2,2,3,,TROJANED,1282,19,54036
top2_trojan2_4_netlist.v,design_compiler,top2,2,4,,TROJANED,1296,31,54870
top2_trojan2_5_netlist.v,design_compiler,top2,2,5,,TROJANED,1304,37,55368
top2_trojan2_6_netlist.v,design_compiler,top2,2,6,,TROJANED,1312,43,55868
top2_trojan2_7_netlist.v,design_compiler,top2,2,7,,TROJANED,1320,49,56368
top2_trojan2_8_netlist.v,design_compiler,top2,2,8,,TROJANED,1328,55,56867
top2_trojan2_9_netlist.v,design_compiler,top2,2,9,,TROJANED,1336,61,57367
top2_trojan3_0_netlist.v,design_compiler,top2,3,0,,TROJANED,1125,102,48598
top2_trojan3_10_netlist.v,design_compiler,top2,3,10,,TROJANED,1179,156,51906
top2_trojan3_11_netlist.v,design_compiler,top2,3,11,,TROJANED,1187,164,52358
top2_trojan3_12_netlist.v,design_compiler,top2,3,12,,TROJANED,1195,172,52810
top2_trojan3_13_netlist.v,design_compiler,top2,3,13,,TROJANED,985,65,42645
top2_trojan3_14_netlist.v,design_compiler,top2,3,14,,TROJANED,1033,86,44643
top2_trojan3_15_netlist.v,design_compiler,top2,3,15,,TROJANED,1064,92,45893
top2_trojan3_16_netlist.v,design_compiler,top2,3,16,,TROJANED,1089,92,47062
top2_trojan3_17_netlist.v,design_compiler,top2,3,17,,TROJANED,1159,112,50615
top2_trojan3_18_netlist.v,design_compiler,top2,3,18,,TROJANED,1185,122,51882
top2_trojan3_19_netlist.v,design_compiler,top2,3,19,,TROJANED,1211,132,53140
top2_trojan3_1_netlist.v,design_compiler,top2,3,1,,TROJANED,1195,172,51977
top2_trojan3_20_netlist.v,design_compiler,top2,3,20,,TROJANED,1237,142,54405
top2_trojan3_21_netlist.v,design_compiler,top2,3,21,,TROJANED,1023,103,44576
top2_trojan3_22_netlist.v,design_compiler,top2,3,22,,TROJANED,1275,180,56507
top2_trojan3_23_netlist.v,design_compiler,top2,3,23,,TROJANED,1055,135,46256
top2_trojan3_24_netlist.v,design_compiler,top2,3,24,,TROJANED,1307,212,58299
top2_trojan3_2_netlist.v,design_compiler,top2,3,2,,TROJANED,1137,114,49129
top2_trojan3_3_netlist.v,design_compiler,top2,3,3,,TROJANED,1113,90,47954
top2_trojan3_4_netlist.v,design_compiler,top2,3,4,,TROJANED,1120,97,48321
top2_trojan3_5_netlist.v,design_compiler,top2,3,5,,TROJANED,1132,109,48965
top2_trojan3_6_netlist.v,design_compiler,top2,3,6,,TROJANED,1147,124,49752
top2_trojan3_7_netlist.v,design_compiler,top2,3,7,,TROJANED,1155,132,50552
top2_trojan3_8_netlist.v,design_compiler,top2,3,8,,TROJANED,1163,140,51003
top2_trojan3_9_netlist.v,design_compiler,top2,3,9,,TROJANED,1171,148,51455
top2_trojan4_0_netlist.v,design_compiler,top2,4,0,,TROJANED,579,148,26360
top2_trojan4_10_netlist.v,design_compiler,top2,4,10,,TROJANED,595,164,27596
top2_trojan4_11_netlist.v,design_compiler,top2,4,11,,TROJANED,483,52,20246
top2_trojan4_12_netlist.v,design_compiler,top2,4,12,,TROJANED,491,60,20910
top2_trojan4_13_netlist.v,design_compiler,top2,4,13,,TROJANED,515,84,22284
top2_trojan4_14_netlist.v,design_compiler,top2,4,14,,TROJANED,523,92,22948
top2_trojan4_15_netlist.v,design_compiler,top2,4,15,,TROJANED,547,116,24322
top2_trojan4_16_netlist.v,design_compiler,top2,4,16,,TROJANED,555,124,24986
top2_trojan4_17_netlist.v,design_compiler,top2,4,17,,TROJANED,587,156,27024
top2_trojan4_18_netlist.v,design_compiler,top2,4,18,,TROJANED,611,180,28398
top2_trojan4_19_netlist.v,design_compiler,top2,4,19,,TROJANED,619,188,29062
top2_trojan4_1_netlist.v,design_compiler,top2,4,1,,TROJANED,579,148,26360
top2_trojan4_20_netlist.v,design_compiler,top2,4,20,,TROJANED,643,212,30436
top2_trojan4_21_netlist.v,design_compiler,top2,4,21,,TROJANED,651,220,31114
top2_trojan4_22_netlist.v,design_compiler,top2,4,22,,TROJANED,686,255,33100
top2_trojan4_23_netlist.v,design_compiler,top2,4,23,,TROJANED,697,266,33914
top2_trojan4_24_netlist.v,design_compiler,top2,4,24,,TROJANED,731,292,35573
top2_trojan4_2_netlist.v,design_compiler,top2,4,2,,TROJANED,579,148,26360
top2_trojan4_3_netlist.v,design_compiler,top2,4,3,,TROJANED,581,150,26520
top2_trojan4_4_netlist.v,design_compiler,top2,4,4,,TROJANED,583,152,26680
top2_trojan4_5_netlist.v,design_compiler,top2,4,5,,TROJANED,585,154,26840
top2_trojan4_6_netlist.v,design_compiler,top2,4,6,,TROJANED,587,156,27000
top2_trojan4_7_netlist.v,design_compiler,top2,4,7,,TROJANED,589,158,27160
top2_trojan4_8_netlist.v,design_compiler,top2,4,8,,TROJANED,591,160,27312
top2_trojan4_9_netlist.v,design_compiler,top2,4,9,,TROJANED,593,162,27464
top2_trojan5_0_netlist.v,design_compiler,top2,5,0,,TROJANED,1239,41,59523
top2_trojan5_10_netlist.v,design_compiler,top2,5,10,,TROJANED,1239,41,59523
top2_trojan5_11_netlist.v,design_compiler,top2,5,11,,TROJANED,1239,41,59523
top2_trojan5_12_netlist.v,design_compiler,top2,5,12,,TROJANED,1239,41,59523
top2_trojan5_13_netlist.v,design_compiler,top2,5,13,,TROJANED,1203,17,58115
top2_trojan5_14_netlist.v,design_compiler,top2,5,14,,TROJANED,1217,27,58711
top2_trojan5_15_netlist.v,design_compiler,top2,5,15,,TROJANED,1219,25,58786
top2_trojan5_16_netlist.v,design_compiler,top2,5,16,,TROJANED,1229,30,59249
top2_trojan5_17_netlist.v,design_compiler,top2,5,17,,TROJANED,1229,30,59271
top2_trojan5_18_netlist.v,design_compiler,top2,5,18,,TROJANED,1229,30,59293
top2_trojan5_19_netlist.v,design_compiler,top2,5,19,,TROJANED,1229,30,59315
top2_trojan5_1_netlist.v,design_compiler,top2,5,1,,TROJANED,1240,42,59565
top2_trojan5_20_netlist.v,design_compiler,top2,5,20,,TROJANED,1229,30,59337
top2_trojan5_21_netlist.v,design_compiler,top2,5,21,,TROJANED,1238,40,59479
top2_trojan5_22_netlist.v,design_compiler,top2,5,22,,TROJANED,1241,43,59599
top2_trojan5_23_netlist.v,design_compiler,top2,5,23,,TROJANED,1241,43,59616
top2_trojan5_24_netlist.v,design_compiler,top2,5,24,,TROJANED,1241,43,59599
top2_trojan5_2_netlist.v,design_compiler,top2,5,2,,TROJANED,1239,41,59522
top2_trojan5_3_netlist.v,design_compiler,top2,5,3,,TROJANED,1268,70,60897
top2_trojan5_4_netlist.v,design_compiler,top2,5,4,,TROJANED,1246,48,59808
top2_trojan5_5_netlist.v,design_compiler,top2,5,5,,TROJANED,1237,41,59427
top2_trojan5_6_netlist.v,design_compiler,top2,5,6,,TROJANED,1237,41,59427
top2_trojan5_7_netlist.v,design_compiler,top2,5,7,,TROJANED,1239,41,59540
top2_trojan5_8_netlist.v,design_compiler,top2,5,8,,TROJANED,1239,41,59523
top2_trojan5_9_netlist.v,design_compiler,top2,5,9,,TROJANED,1239,41,59523
top2_trojan6_0_netlist.v,design_compiler,top2,6,0,,TROJANED,1081,34,48071
top2_trojan6_10_netlist.v,design_compiler,top2,6,10,,TROJANED,1098,49,48769
top2_trojan6_11_netlist.v,design_compiler,top2,6,11,,TROJANED,1102,53,48936
top2_trojan6_12_netlist.v,design_compiler,top2,6,12,,TROJANED,1106,57,49102
top2_trojan6_13_netlist.v,design_compiler,top2,6,13,,TROJANED,1111,62,49303
top2_trojan6_14_netlist.v,design_compiler,top2,6,14,,TROJANED,1114,65,49434
top2_trojan6_15_netlist.v,design_compiler,top2,6,15,,TROJANED,1023,34,45657
top2_trojan6_16_netlist.v,design_compiler,top2,6,16,,TROJANED,1050,34,46783
top2_trojan6_17_netlist.v,design_compiler,top2,6,17,,TROJANED,1083,34,48149
top2_trojan6_18_netlist.v,design_compiler,top2,6,18,,TROJANED,1083,34,48149
top2_trojan6_19_netlist.v,design_compiler,top2,6,19,,TROJANED,1083,34,48149
top2_trojan6_1_netlist.v,design_compiler,top2,6,1,,TROJANED,1081,34,48071
top2_trojan6_20_netlist.v,design_compiler,top2,6,20,,TROJANED,1083,34,48149
top2_trojan6_21_netlist.v,design_compiler,top2,6,21,,TROJANED,1109,62,49318
top2_trojan6_22_netlist.v,design_compiler,top2,6,22,,TROJANED,1080,33,48036
top2_trojan6_23_netlist.v,design_compiler,top2,6,23,,TROJANED,1081,34,48071
top2_trojan6_24_netlist.v,design_compiler,top2,6,24,,TROJANED,1082,35,48107
top2_trojan6_2_netlist.v,design_compiler,top2,6,2,,TROJANED,1080,33,48036
top2_trojan6_3_netlist.v,design_compiler,top2,6,3,,TROJANED,1006,17,44873
top2_trojan6_4_netlist.v,design_compiler,top2,6,4,,TROJANED,1026,22,45720
top2_trojan6_5_netlist.v,design_compiler,top2,6,5,,TROJANED,1044,25,46492
top2_trojan6_6_netlist.v,design_compiler,top2,6,6,,TROJANED,1061,29,47222
top2_trojan6_7_netlist.v,design_compiler,top2,6,7,,TROJANED,1086,37,48283
top2_trojan6_8_netlist.v,design_compiler,top2,6,8,,TROJANED,1090,41,48445
top2_trojan6_9_netlist.v,design_compiler,top2,6,9,,TROJANED,1094,45,48607
top2_trojan7_0_netlist.v,design_compiler,top2,7,0,,TROJANED,796,67,31247
top2_trojan7_10_netlist.v,design_compiler,top2,7,10,,TROJANED,828,99,32576
top2_trojan7_11_netlist.v,design_compiler,top2,7,11,,TROJANED,837,108,32950
top2_trojan7_12_netlist.v,design_compiler,top2,7,12,,TROJANED,844,115,33256
top2_trojan7_13_netlist.v,design_compiler,top2,7,13,,TROJANED,853,124,33630
top2_trojan7_14_netlist.v,design_compiler,top2,7,14,,TROJANED,860,131,33935
top2_trojan7_15_netlist.v,design_compiler,top2,7,15,,TROJANED,796,67,31247
top2_trojan7_16_netlist.v,design_compiler,top2,7,16,,TROJANED,796,67,31247
top2_trojan7_17_netlist.v,design_compiler,top2,7,17,,TROJANED,796,67,31247
top2_trojan7_18_netlist.v,design_compiler,top2,7,18,,TROJANED,796,67,31247
top2_trojan7_19_netlist.v,design_compiler,top2,7,19,,TROJANED,796,67,31247
top2_trojan7_1_netlist.v,design_compiler,top2,7,1,,TROJANED,796,67,31247
top2_trojan7_20_netlist.v,design_compiler,top2,7,20,,TROJANED,796,67,31247
top2_trojan7_21_netlist.v,design_compiler,top2,7,21,,TROJANED,794,65,31175
top2_trojan7_22_netlist.v,design_compiler,top2,7,22,,TROJANED,795,66,31211
top2_trojan7_23_netlist.v,design_compiler,top2,7,23,,TROJANED,797,68,31295
top2_trojan7_24_netlist.v,design_compiler,top2,7,24,,TROJANED,798,69,31343
top2_trojan7_2_netlist.v,design_compiler,top2,7,2,,TROJANED,794,65,31171
top2_trojan7_3_netlist.v,design_compiler,top2,7,3,,TROJANED,765,36,29937
top2_trojan7_4_netlist.v,design_compiler,top2,7,4,,TROJANED,772,43,30235
top2_trojan7_5_netlist.v,design_compiler,top2,7,5,,TROJANED,780,51,30568
top2_trojan7_6_netlist.v,design_compiler,top2,7,6,,TROJANED,789,60,30942
top2_trojan7_7_netlist.v,design_compiler,top2,7,7,,TROJANED,804,75,31579
top2_trojan7_8_netlist.v,design_compiler,top2,7,8,,TROJANED,813,84,31945
top2_trojan7_9_netlist.v,design_compiler,top2,7,9,,TROJANED,821,92,32277
top2_trojan8_0_netlist.v,design_compiler,top2,8,0,,TROJANED,6136,5424,271933
top2_trojan8_10_netlist.v,design_compiler,top2,8,10,,TROJANED,265,134,10786
top2_trojan8_11_netlist.v,design_compiler,top2,8,11,,TROJANED,298,13,12179
top2_trojan8_12_netlist.v,design_compiler,top2,8,12,,TROJANED,187,56,7604
top2_trojan8_13_netlist.v,design_compiler,top2,8,13,,TROJANED,259,141,10553
top2_trojan8_14_netlist.v,design_compiler,top2,8,14,,TROJANED,334,197,13696
top2_trojan8_15_netlist.v,design_compiler,top2,8,15,,TROJANED,90,19,3976
top2_trojan8_16_netlist.v,design_compiler,top2,8,16,,TROJANED,6065,5353,268835
top2_trojan8_17_netlist.v,design_compiler,top2,8,17,,TROJANED,6116,5404,271056
top2_trojan8_18_netlist.v,design_compiler,top2,8,18,,TROJANED,344,52,14014
top2_trojan8_19_netlist.v,design_compiler,top2,8,19,,TROJANED,1201,500,49402
top2_trojan8_1_netlist.v,design_compiler,top2,8,1,,TROJANED,71,15,3225
top2_trojan8_20_netlist.v,design_compiler,top2,8,20,,TROJANED,928,620,37357
top2_trojan8_21_netlist.v,design_compiler,top2,8,21,,TROJANED,1442,1108,60606
top2_trojan8_22_netlist.v,design_compiler,top2,8,22,,TROJANED,2668,1967,115410
top2_trojan8_23_netlist.v,design_compiler,top2,8,23,,TROJANED,4710,4011,207150
top2_trojan8_24_netlist.v,design_compiler,top2,8,24,,TROJANED,4242,3934,186054
top2_trojan8_2_netlist.v,design_compiler,top2,8,2,,TROJANED,80,16,3605
top2_trojan8_3_netlist.v,design_compiler,top2,8,3,,TROJANED,298,13,12179
top2_trojan8_4_netlist.v,design_compiler,top2,8,4,,TROJANED,298,13,12179
top2_trojan8_5_netlist.v,design_compiler,top2,8,5,,TROJANED,187,56,7604
top2_trojan8_6_netlist.v,design_compiler,top2,8,6,,TROJANED,188,63,7654
top2_trojan8_7_netlist.v,design_compiler,top2,8,7,,TROJANED,255,141,10386
top2_trojan8_8_netlist.v,design_compiler,top2,8,8,,TROJANED,325,194,13279
top2_trojan8_9_netlist.v,design_compiler,top2,8,9,,TROJANED,331,194,13481
top2_trojan9_0_netlist.v,design_compiler,top2,9,0,,TROJANED,2322,2133,100038
top2_trojan9_10_netlist.v,design_compiler,top2,9,10,,TROJANED,787,636,32342
top2_trojan9_11_netlist.v,design_compiler,top2,9,11,,TROJANED,817,628,33960
top2_trojan9_12_netlist.v,design_compiler,top2,9,12,,TROJANED,853,664,35347
top2_trojan9_13_netlist.v,design_compiler,top2,9,13,,TROJANED,1532,1343,64699
top2_trojan9_14_netlist.v,design_compiler,top2,9,14,,TROJANED,1047,858,43156
top2_trojan9_15_netlist.v,design_compiler,top2,9,15,,TROJANED,1126,965,46341
top2_trojan9_16_netlist.v,design_compiler,top2,9,16,,TROJANED,1918,1742,81596
top2_trojan9_17_netlist.v,design_compiler,top2,9,17,,TROJANED,2363,2174,101936
top2_trojan9_18_netlist.v,design_compiler,top2,9,18,,TROJANED,3739,3546,162736
top2_trojan9_19_netlist.v,design_compiler,top2,9,19,,TROJANED,4261,4063,185749
top2_trojan9_1_netlist.v,design_compiler,top2,9,1,,TROJANED,717,661,28707
top2_trojan9_20_netlist.v,design_compiler,top2,9,20,,TROJANED,679,518,28039
top2_trojan9_21_netlist.v,design_compiler,top2,9,21,,TROJANED,8729,8531,386177
top2_trojan9_22_netlist.v,design_compiler,top2,9,22,,TROJANED,2322,2133,100127
top2_trojan9_23_netlist.v,design_compiler,top2,9,23,,TROJANED,2315,2126,99809
top2_trojan9_24_netlist.v,design_compiler,top2,9,24,,TROJANED,2332,2143,100550
top2_trojan9_2_netlist.v,design_compiler,top2,9,2,,TROJANED,1072,974,43503
top2_trojan9_3_netlist.v,design_compiler,top2,9,3,,TROJANED,320,272,13072
top2_trojan9_4_netlist.v,design_compiler,top2,9,4,,TROJANED,2135,2018,91374
top2_trojan9_5_netlist.v,design_compiler,top2,9,5,,TROJANED,1910,1721,81619
top2_trojan9_6_netlist.v,design_compiler,top2,9,6,,TROJANED,2004,1815,85833
top2_trojan9_7_netlist.v,design_compiler,top2,9,7,,TROJANED,1883,1694,80405
top2_trojan9_8_netlist.v,design_compiler,top2,9,8,,TROJANED,1948,1759,83383
top2_trojan9_9_netlist.v,design_compiler,top2,9,9,,TROJANED,2117,1966,90571
top3_trojan0_0_netlist.v,design_compiler,top3,0,0,,TROJANED,1278,121,59278
top3_trojan0_10_netlist.v,design_compiler,top3,0,10,,TROJANED,1302,145,60829
top3_trojan0_11_netlist.v,design_compiler,top3,0,11,,TROJANED,1224,67,55071
top3_trojan0_12_netlist.v,design_compiler,top3,0,12,,TROJANED,1242,85,56474
top3_trojan0_13_netlist.v,design_compiler,top3,0,13,,TROJANED,1260,103,57876
top3_trojan0_14_netlist.v,design_compiler,top3,0,14,,TROJANED,1296,139,60680
top3_trojan0_15_netlist.v,design_compiler,top3,0,15,,TROJANED,1314,157,62084
top3_trojan0_16_netlist.v,design_compiler,top3,0,16,,TROJANED,1332,175,63511
top3_trojan0_17_netlist.v,design_compiler,top3,0,17,,TROJANED,1350,193,64951
top3_trojan0_18_netlist.v,design_compiler,top3,0,18,,TROJANED,1204,58,53874
top3_trojan0_19_netlist.v,design_compiler,top3,0,19,,TROJANED,1233,76,55774
top3_trojan0_1_netlist.v,design_compiler,top3,0,1,,TROJANED,1278,121,59278
top3_trojan0_20_netlist.v,design_compiler,top3,0,20,,TROJANED,1251,94,57176
top3_trojan0_21_netlist.v,design_compiler,top3,0,21,,TROJANED,1269,112,58576
top3_trojan0_22_netlist.v,design_compiler,top3,0,22,,TROJANED,1287,130,59978
top3_trojan0_23_netlist.v,design_compiler,top3,0,23,,TROJANED,1305,148,61381
top3_trojan0_24_netlist.v,design_compiler,top3,0,24,,TROJANED,1323,166,62794
top3_trojan0_2_netlist.v,design_compiler,top3,0,2,,TROJANED,1341,184,64230
top3_trojan0_3_netlist.v,design_compiler,top3,0,3,,TROJANED,1270,113,58756
top3_trojan0_4_netlist.v,design_compiler,top3,0,4,,TROJANED,1274,117,59015
top3_trojan0_5_netlist.v,design_compiler,top3,0,5,,TROJANED,1277,120,59305
top3_trojan0_6_netlist.v,design_compiler,top3,0,6,,TROJANED,1286,129,59794
top3_trojan0_7_netlist.v,design_compiler,top3,0,7,,TROJANED,1290,133,60051
top3_trojan0_8_netlist.v,design_compiler,top3,0,8,,TROJANED,1294,137,60313
top3_trojan0_9_netlist.v,design_compiler,top3,0,9,,TROJANED,1293,136,60341
top3_trojan1_0_netlist.v,design_compiler,top3,1,0,,TROJANED,979,17,40295
top3_trojan1_10_netlist.v,design_compiler,top3,1,10,,TROJANED,1060,98,43988
top3_trojan1_11_netlist.v,design_compiler,top3,1,11,,TROJANED,1067,105,44317
top3_trojan1_12_netlist.v,design_compiler,top3,1,12,,TROJANED,1074,112,44646
top3_trojan1_13_netlist.v,design_compiler,top3,1,13,,TROJANED,978,16,40246
top3_trojan1_14_netlist.v,design_compiler,top3,1,14,,TROJANED,979,17,40285
top3_trojan1_15_netlist.v,design_compiler,top3,1,15,,TROJANED,978,16,40251
top3_trojan1_16_netlist.v,design_compiler,top3,1,16,,TROJANED,979,17,40285
top3_trojan1_17_netlist.v,design_compiler,top3,1,17,,TROJANED,978,16,40251
top3_trojan1_18_netlist.v,design_compiler,top3,1,18,,TROJANED,979,17,40291
top3_trojan1_19_netlist.v,design_compiler,top3,1,19,,TROJANED,979,17,40290
top3_trojan1_1_netlist.v,design_compiler,top3,1,1,,TROJANED,987,25,40627
top3_trojan1_20_netlist.v,design_compiler,top3,1,20,,TROJANED,979,17,40291
top3_trojan1_21_netlist.v,design_compiler,top3,1,21,,TROJANED,980,18,40331
top3_trojan1_22_netlist.v,design_compiler,top3,1,22,,TROJANED,981,19,40365
top3_trojan1_23_netlist.v,design_compiler,top3,1,23,,TROJANED,980,18,40331
top3_trojan1_24_netlist.v,design_compiler,top3,1,24,,TROJANED,992,30,40811
top3_trojan1_2_netlist.v,design_compiler,top3,1,2,,TROJANED,1005,43,41426
top3_trojan1_3_netlist.v,design_compiler,top3,1,3,,TROJANED,1012,50,41756
top3_trojan1_4_netlist.v,design_compiler,top3,1,4,,TROJANED,1019,57,42086
top3_trojan1_5_netlist.v,design_compiler,top3,1,5,,TROJANED,1026,64,42416
top3_trojan1_6_netlist.v,design_compiler,top3,1,6,,TROJANED,1033,71,42746
top3_trojan1_7_netlist.v,design_compiler,top3,1,7,,TROJANED,1038,76,42994
top3_trojan1_8_netlist.v,design_compiler,top3,1,8,,TROJANED,1046,84,43330
top3_trojan1_9_netlist.v,design_compiler,top3,1,9,,TROJANED,1053,91,43659
top3_trojan2_0_netlist.v,design_compiler,top3,2,0,,TROJANED,992,25,42952
top3_trojan2_10_netlist.v,design_compiler,top3,2,10,,TROJANED,1034,67,45161
top3_trojan2_11_netlist.v,design_compiler,top3,2,11,,TROJANED,1040,73,45477
top3_trojan2_12_netlist.v,design_compiler,top3,2,12,,TROJANED,984,21,42612
top3_trojan2_13_netlist.v,design_compiler,top3,2,13,,TROJANED,989,24,42816
top3_trojan2_14_netlist.v,design_compiler,top3,2,14,,TROJANED,996,29,43178
top3_trojan2_15_netlist.v,design_compiler,top3,2,15,,TROJANED,1000,33,43411
top3_trojan2_16_netlist.v,design_compiler,top3,2,16,,TROJANED,1004,37,43645
top3_trojan2_17_netlist.v,design_compiler,top3,2,17,,TROJANED,1008,41,43881
top3_trojan2_18_netlist.v,design_compiler,top3,2,18,,TROJANED,1013,46,44153
top3_trojan2_19_netlist.v,design_compiler,top3,2,19,,TROJANED,1016,49,44355
top3_trojan2_1_netlist.v,design_compiler,top3,2,1,,TROJANED,992,25,42952
top3_trojan2_20_netlist.v,design_compiler,top3,2,20,,TROJANED,1021,54,44627
top3_trojan2_21_netlist.v,design_compiler,top3,2,21,,TROJANED,1024,57,44829
top3_trojan2_22_netlist.v,design_compiler,top3,2,22,,TROJANED,1016,49,44292
top3_trojan2_23_netlist.v,design_compiler,top3,2,23,,TROJANED,1040,73,45477
top3_trojan2_24_netlist.v,design_compiler,top3,2,24,,TROJANED,976,13,42158
top3_trojan2_2_netlist.v,design_compiler,top3,2,2,,TROJANED,976,13,42158
top3_trojan2_3_netlist.v,design_compiler,top3,2,3,,TROJANED,984,19,42553
top3_trojan2_4_netlist.v,design_compiler,top3,2,4,,TROJANED,998,31,43258
top3_trojan2_5_netlist.v,design_compiler,top3,2,5,,TROJANED,1004,37,43573
top3_trojan2_6_netlist.v,design_compiler,top3,2,6,,TROJANED,1010,43,43893
top3_trojan2_7_netlist.v,design_compiler,top3,2,7,,TROJANED,1016,49,44292
top3_trojan2_8_netlist.v,design_compiler,top3,2,8,,TROJANED,1022,55,44529
top3_trojan2_9_netlist.v,design_compiler,top3,2,9,,TROJANED,1028,61,44845
top3_trojan3_0_netlist.v,design_compiler,top3,3,0,,TROJANED,838,102,35782
top3_trojan3_10_netlist.v,design_compiler,top3,3,10,,TROJANED,892,156,38514
top3_trojan3_11_netlist.v,design_compiler,top3,3,11,,TROJANED,900,164,38926
top3_trojan3_12_netlist.v,design_compiler,top3,3,12,,TROJANED,908,172,39338
top3_trojan3_13_netlist.v,design_compiler,top3,3,13,,TROJANED,723,65,30859
top3_trojan3_14_netlist.v,design_compiler,top3,3,14,,TROJANED,764,86,32573
top3_trojan3_15_netlist.v,design_compiler,top3,3,15,,TROJANED,798,92,33939
top3_trojan3_16_netlist.v,design_compiler,top3,3,16,,TROJANED,816,92,34834
top3_trojan3_17_netlist.v,design_compiler,top3,3,17,,TROJANED,886,112,37864
top3_trojan3_18_netlist.v,design_compiler,top3,3,18,,TROJANED,926,122,39566
top3_trojan3_19_netlist.v,design_compiler,top3,3,19,,TROJANED,966,132,41268
top3_trojan3_1_netlist.v,design_compiler,top3,3,1,,TROJANED,908,172,38526
top3_trojan3_20_netlist.v,design_compiler,top3,3,20,,TROJANED,1006,142,42976
top3_trojan3_21_netlist.v,design_compiler,top3,3,21,,TROJANED,761,103,32767
top3_trojan3_22_netlist.v,design_compiler,top3,3,22,,TROJANED,1044,180,44922
top3_trojan3_23_netlist.v,design_compiler,top3,3,23,,TROJANED,793,135,34415
top3_trojan3_24_netlist.v,design_compiler,top3,3,24,,TROJANED,1076,212,46602
top3_trojan3_2_netlist.v,design_compiler,top3,3,2,,TROJANED,850,114,36301
top3_trojan3_3_netlist.v,design_compiler,top3,3,3,,TROJANED,826,90,35150
top3_trojan3_4_netlist.v,design_compiler,top3,3,4,,TROJANED,833,97,35510
top3_trojan3_5_netlist.v,design_compiler,top3,3,5,,TROJANED,845,109,36142
top3_trojan3_6_netlist.v,design_compiler,top3,3,6,,TROJANED,860,124,36866
top3_trojan3_7_netlist.v,design_compiler,top3,3,7,,TROJANED,868,132,37278
top3_trojan3_8_netlist.v,design_compiler,top3,3,8,,TROJANED,876,140,37690
top3_trojan3_9_netlist.v,design_compiler,top3,3,9,,TROJANED,884,148,38102
top3_trojan4_0_netlist.v,design_compiler,top3,4,0,,TROJANED,1680,150,80312
top3_trojan4_10_netlist.v,design_compiler,top3,4,10,,TROJANED,1697,167,81695
top3_trojan4_11_netlist.v,design_compiler,top3,4,11,,TROJANED,1390,52,65076
top3_trojan4_12_netlist.v,design_compiler,top3,4,12,,TROJANED,1430,60,67143
top3_trojan4_13_netlist.v,design_compiler,top3,4,13,,TROJANED,1486,84,70128
top3_trojan4_14_netlist.v,design_compiler,top3,4,14,,TROJANED,1526,92,72200
top3_trojan4_15_netlist.v,design_compiler,top3,4,15,,TROJANED,1582,116,75064
top3_trojan4_16_netlist.v,design_compiler,top3,4,16,,TROJANED,1622,124,77140
top3_trojan4_17_netlist.v,design_compiler,top3,4,17,,TROJANED,1688,158,81032
top3_trojan4_18_netlist.v,design_compiler,top3,4,18,,TROJANED,1713,183,82577
top3_trojan4_19_netlist.v,design_compiler,top3,4,19,,TROJANED,1721,191,83297
top3_trojan4_1_netlist.v,design_compiler,top3,4,1,,TROJANED,1680,150,80312
top3_trojan4_20_netlist.v,design_compiler,top3,4,20,,TROJANED,1746,216,84842
top3_trojan4_21_netlist.v,design_compiler,top3,4,21,,TROJANED,1755,225,85611
top3_trojan4_22_netlist.v,design_compiler,top3,4,22,,TROJANED,1786,256,87408
top3_trojan4_23_netlist.v,design_compiler,top3,4,23,,TROJANED,1796,266,88225
top3_trojan4_24_netlist.v,design_compiler,top3,4,24,,TROJANED,1950,292,94476
top3_trojan4_2_netlist.v,design_compiler,top3,4,2,,TROJANED,1680,150,80312
top3_trojan4_3_netlist.v,design_compiler,top3,4,3,,TROJANED,1682,152,80486
top3_trojan4_4_netlist.v,design_compiler,top3,4,4,,TROJANED,1684,154,80660
top3_trojan4_5_netlist.v,design_compiler,top3,4,5,,TROJANED,1686,156,80834
top3_trojan4_6_netlist.v,design_compiler,top3,4,6,,TROJANED,1688,158,81008
top3_trojan4_7_netlist.v,design_compiler,top3,4,7,,TROJANED,1690,160,81182
top3_trojan4_8_netlist.v,design_compiler,top3,4,8,,TROJANED,1693,163,81383
top3_trojan4_9_netlist.v,design_compiler,top3,4,9,,TROJANED,1695,165,81549
top3_trojan5_0_netlist.v,design_compiler,top3,5,0,,TROJANED,696,41,34592
top3_trojan5_10_netlist.v,design_compiler,top3,5,10,,TROJANED,696,41,34568
top3_trojan5_11_netlist.v,design_compiler,top3,5,11,,TROJANED,696,41,34568
top3_trojan5_12_netlist.v,design_compiler,top3,5,12,,TROJANED,696,41,34568
top3_trojan5_13_netlist.v,design_compiler,top3,5,13,,TROJANED,660,17,33220
top3_trojan5_14_netlist.v,design_compiler,top3,5,14,,TROJANED,674,27,33802
top3_trojan5_15_netlist.v,design_compiler,top3,5,15,,TROJANED,676,25,33875
top3_trojan5_16_netlist.v,design_compiler,top3,5,16,,TROJANED,686,30,34328
top3_trojan5_17_netlist.v,design_compiler,top3,5,17,,TROJANED,686,30,34350
top3_trojan5_18_netlist.v,design_compiler,top3,5,18,,TROJANED,686,30,34372
top3_trojan5_19_netlist.v,design_compiler,top3,5,19,,TROJANED,686,30,34394
top3_trojan5_1_netlist.v,design_compiler,top3,5,1,,TROJANED,697,42,34637
top3_trojan5_20_netlist.v,design_compiler,top3,5,20,,TROJANED,686,30,34416
top3_trojan5_21_netlist.v,design_compiler,top3,5,21,,TROJANED,695,40,34541
top3_trojan5_22_netlist.v,design_compiler,top3,5,22,,TROJANED,698,43,34669
top3_trojan5_23_netlist.v,design_compiler,top3,5,23,,TROJANED,696,43,34578
top3_trojan5_24_netlist.v,design_compiler,top3,5,24,,TROJANED,698,43,34654
top3_trojan5_2_netlist.v,design_compiler,top3,5,2,,TROJANED,696,41,34587
top3_trojan5_3_netlist.v,design_compiler,top3,5,3,,TROJANED,725,70,35937
top3_trojan5_4_netlist.v,design_compiler,top3,5,4,,TROJANED,703,48,34870
top3_trojan5_5_netlist.v,design_compiler,top3,5,5,,TROJANED,690,41,34321
top3_trojan5_6_netlist.v,design_compiler,top3,5,6,,TROJANED,692,41,34407
top3_trojan5_7_netlist.v,design_compiler,top3,5,7,,TROJANED,694,41,34501
top3_trojan5_8_netlist.v,design_compiler,top3,5,8,,TROJANED,696,41,34576
top3_trojan5_9_netlist.v,design_compiler,top3,5,9,,TROJANED,696,41,34568
top3_trojan6_0_netlist.v,design_compiler,top3,6,0,,TROJANED,1003,34,44479
top3_trojan6_10_netlist.v,design_compiler,top3,6,10,,TROJANED,1019,49,45132
top3_trojan6_11_netlist.v,design_compiler,top3,6,11,,TROJANED,1023,53,45299
top3_trojan6_12_netlist.v,design_compiler,top3,6,12,,TROJANED,1027,57,45465
top3_trojan6_13_netlist.v,design_compiler,top3,6,13,,TROJANED,1032,62,45666
top3_trojan6_14_netlist.v,design_compiler,top3,6,14,,TROJANED,1035,65,45797
top3_trojan6_15_netlist.v,design_compiler,top3,6,15,,TROJANED,850,34,37356
top3_trojan6_16_netlist.v,design_compiler,top3,6,16,,TROJANED,927,34,40926
top3_trojan6_17_netlist.v,design_compiler,top3,6,17,,TROJANED,1008,34,44683
top3_trojan6_18_netlist.v,design_compiler,top3,6,18,,TROJANED,1008,34,44683
top3_trojan6_19_netlist.v,design_compiler,top3,6,19,,TROJANED,1008,34,44683
top3_trojan6_1_netlist.v,design_compiler,top3,6,1,,TROJANED,1003,34,44479
top3_trojan6_20_netlist.v,design_compiler,top3,6,20,,TROJANED,1008,34,44683
top3_trojan6_21_netlist.v,design_compiler,top3,6,21,,TROJANED,1031,62,45726
top3_trojan6_22_netlist.v,design_compiler,top3,6,22,,TROJANED,1002,33,44444
top3_trojan6_23_netlist.v,design_compiler,top3,6,23,,TROJANED,1003,34,44479
top3_trojan6_24_netlist.v,design_compiler,top3,6,24,,TROJANED,1004,35,44515
top3_trojan6_2_netlist.v,design_compiler,top3,6,2,,TROJANED,1002,33,44444
top3_trojan6_3_netlist.v,design_compiler,top3,6,3,,TROJANED,683,17,30520
top3_trojan6_4_netlist.v,design_compiler,top3,6,4,,TROJANED,771,22,34320
top3_trojan6_5_netlist.v,design_compiler,top3,6,5,,TROJANED,857,25,38042
top3_trojan6_6_netlist.v,design_compiler,top3,6,6,,TROJANED,942,29,41725
top3_trojan6_7_netlist.v,design_compiler,top3,6,7,,TROJANED,1007,37,44646
top3_trojan6_8_netlist.v,design_compiler,top3,6,8,,TROJANED,1011,41,44808
top3_trojan6_9_netlist.v,design_compiler,top3,6,9,,TROJANED,1015,45,44970
top3_trojan7_0_netlist.v,design_compiler,top3,7,0,,TROJANED,1223,67,49930
top3_trojan7_10_netlist.v,design_compiler,top3,7,10,,TROJANED,1256,99,51445
top3_trojan7_11_netlist.v,design_compiler,top3,7,11,,TROJANED,1265,108,51859
top3_trojan7_12_netlist.v,design_compiler,top3,7,12,,TROJANED,1272,115,52194
top3_trojan7_13_netlist.v,design_compiler,top3,7,13,,TROJANED,1281,124,52604
top3_trojan7_14_netlist.v,design_compiler,top3,7,14,,TROJANED,1288,131,52937
top3_trojan7_15_netlist.v,design_compiler,top3,7,15,,TROJANED,1223,67,49930
top3_trojan7_16_netlist.v,design_compiler,top3,7,16,,TROJANED,1223,67,49930
top3_trojan7_17_netlist.v,design_compiler,top3,7,17,,TROJANED,1223,67,49930
top3_trojan7_18_netlist.v,design_compiler,top3,7,18,,TROJANED,1223,67,49930
top3_trojan7_19_netlist.v,design_compiler,top3,7,19,,TROJANED,1223,67,49930
top3_trojan7_1_netlist.v,design_compiler,top3,7,1,,TROJANED,1223,67,49930
top3_trojan7_20_netlist.v,design_compiler,top3,7,20,,TROJANED,1223,67,49930
top3_trojan7_21_netlist.v,design_compiler,top3,7,21,,TROJANED,1221,65,49856
top3_trojan7_22_netlist.v,design_compiler,top3,7,22,,TROJANED,1222,66,49893
top3_trojan7_23_netlist.v,design_compiler,top3,7,23,,TROJANED,1224,68,49982
top3_trojan7_24_netlist.v,design_compiler,top3,7,24,,TROJANED,1225,69,50031
top3_trojan7_2_netlist.v,design_compiler,top3,7,2,,TROJANED,1221,65,49848
top3_trojan7_3_netlist.v,design_compiler,top3,7,3,,TROJANED,1192,36,48484
top3_trojan7_4_netlist.v,design_compiler,top3,7,4,,TROJANED,1199,43,48812
top3_trojan7_5_netlist.v,design_compiler,top3,7,5,,TROJANED,1207,51,49181
top3_trojan7_6_netlist.v,design_compiler,top3,7,6,,TROJANED,1216,60,49595
top3_trojan7_7_netlist.v,design_compiler,top3,7,7,,TROJANED,1232,75,50344
top3_trojan7_8_netlist.v,design_compiler,top3,7,8,,TROJANED,1241,84,50748
top3_trojan7_9_netlist.v,design_compiler,top3,7,9,,TROJANED,1249,92,51116
top3_trojan8_0_netlist.v,design_compiler,top3,8,0,,TROJANED,6527,5424,292977
top3_trojan8_10_netlist.v,design_compiler,top3,8,10,,TROJANED,592,134,24554
top3_trojan8_11_netlist.v,design_compiler,top3,8,11,,TROJANED,536,13,22468
top3_trojan8_12_netlist.v,design_compiler,top3,8,12,,TROJANED,511,56,21311
top3_trojan8_13_netlist.v,design_compiler,top3,8,13,,TROJANED,582,141,24167
top3_trojan8_14_netlist.v,design_compiler,top3,8,14,,TROJANED,669,197,27891
top3_trojan8_15_netlist.v,design_compiler,top3,8,15,,TROJANED,404,19,16916
top3_trojan8_16_netlist.v,design_compiler,top3,8,16,,TROJANED,6456,5353,289895
top3_trojan8_17_netlist.v,design_compiler,top3,8,17,,TROJANED,6507,5404,292115
top3_trojan8_18_netlist.v,design_compiler,top3,8,18,,TROJANED,582,52,24337
top3_trojan8_19_netlist.v,design_compiler,top3,8,19,,TROJANED,1591,500,68497
top3_trojan8_1_netlist.v,design_compiler,top3,8,1,,TROJANED,329,15,13768
top3_trojan8_20_netlist.v,design_compiler,top3,8,20,,TROJANED,1418,620,60197
top3_trojan8_21_netlist.v,design_compiler,top3,8,21,,TROJANED,1705,1108,73562
top3_trojan8_22_netlist.v,design_compiler,top3,8,22,,TROJANED,3058,1967,134980
top3_trojan8_23_netlist.v,design_compiler,top3,8,23,,TROJANED,5102,4013,227720
top3_trojan8_24_netlist.v,design_compiler,top3,8,24,,TROJANED,4732,3934,210980
top3_trojan8_2_netlist.v,design_compiler,top3,8,2,,TROJANED,361,16,15172
top3_trojan8_3_netlist.v,design_compiler,top3,8,3,,TROJANED,536,13,22468
top3_trojan8_4_netlist.v,design_compiler,top3,8,4,,TROJANED,536,13,22468
top3_trojan8_5_netlist.v,design_compiler,top3,8,5,,TROJANED,511,56,21311
top3_trojan8_6_netlist.v,design_compiler,top3,8,6,,TROJANED,499,63,20833
top3_trojan8_7_netlist.v,design_compiler,top3,8,7,,TROJANED,559,141,23253
top3_trojan8_8_netlist.v,design_compiler,top3,8,8,,TROJANED,652,194,27048
top3_trojan8_9_netlist.v,design_compiler,top3,8,9,,TROJANED,668,194,27746
top3_trojan9_0_netlist.v,design_compiler,top3,9,0,,TROJANED,3198,2133,139945
top3_trojan9_10_netlist.v,design_compiler,top3,9,10,,TROJANED,1639,639,70279
top3_trojan9_11_netlist.v,design_compiler,top3,9,11,,TROJANED,1626,631,69955
top3_trojan9_12_netlist.v,design_compiler,top3,9,12,,TROJANED,1662,667,71558
top3_trojan9_13_netlist.v,design_compiler,top3,9,13,,TROJANED,2398,1353,103897
top3_trojan9_14_netlist.v,design_compiler,top3,9,14,,TROJANED,1861,861,80380
top3_trojan9_15_netlist.v,design_compiler,top3,9,15,,TROJANED,1478,965,61952
top3_trojan9_16_netlist.v,design_compiler,top3,9,16,,TROJANED,2548,1742,110255
top3_trojan9_17_netlist.v,design_compiler,top3,9,17,,TROJANED,3239,2174,141831
top3_trojan9_18_netlist.v,design_compiler,top3,9,18,,TROJANED,4616,3546,202705
top3_trojan9_19_netlist.v,design_compiler,top3,9,19,,TROJANED,5134,4063,225392
top3_trojan9_1_netlist.v,design_compiler,top3,9,1,,TROJANED,1726,661,73168
top3_trojan9_20_netlist.v,design_compiler,top3,9,20,,TROJANED,1003,518,40740
top3_trojan9_21_netlist.v,design_compiler,top3,9,21,,TROJANED,9602,8531,425295
top3_trojan9_22_netlist.v,design_compiler,top3,9,22,,TROJANED,3198,2133,140033
top3_trojan9_23_netlist.v,design_compiler,top3,9,23,,TROJANED,3191,2126,139674
top3_trojan9_24_netlist.v,design_compiler,top3,9,24,,TROJANED,3208,2143,140457
top3_trojan9_2_netlist.v,design_compiler,top3,9,2,,TROJANED,2088,974,89975
top3_trojan9_3_netlist.v,design_compiler,top3,9,3,,TROJANED,1198,272,49841
top3_trojan9_4_netlist.v,design_compiler,top3,9,4,,TROJANED,3133,2018,136672
top3_trojan9_5_netlist.v,design_compiler,top3,9,5,,TROJANED,2781,1722,121275
top3_trojan9_6_netlist.v,design_compiler,top3,9,6,,TROJANED,2880,1816,125457
top3_trojan9_7_netlist.v,design_compiler,top3,9,7,,TROJANED,2753,1698,119627
top3_trojan9_8_netlist.v,design_compiler,top3,9,8,,TROJANED,2820,1763,123021
top3_trojan9_9_netlist.v,design_compiler,top3,9,9,,TROJANED,2985,1966,130391
top4_trojan0_0_netlist.v,design_compiler,top4,0,0,,TROJANED,1813,121,81377
top4_trojan0_10_netlist.v,design_compiler,top4,0,10,,TROJANED,1837,145,82928
top4_trojan0_11_netlist.v,design_compiler,top4,0,11,,TROJANED,1663,67,72971
top4_trojan0_12_netlist.v,design_compiler,top4,0,12,,TROJANED,1713,85,75770
top4_trojan0_13_netlist.v,design_compiler,top4,0,13,,TROJANED,1763,103,78579
top4_trojan0_14_netlist.v,design_compiler,top4,0,14,,TROJANED,1831,139,82782
top4_trojan0_15_netlist.v,design_compiler,top4,0,15,,TROJANED,1849,157,84188
top4_trojan0_16_netlist.v,design_compiler,top4,0,16,,TROJANED,1867,175,85615
top4_trojan0_17_netlist.v,design_compiler,top4,0,17,,TROJANED,1885,193,87055
top4_trojan0_18_netlist.v,design_compiler,top4,0,18,,TROJANED,1638,58,71567
top4_trojan0_19_netlist.v,design_compiler,top4,0,19,,TROJANED,1688,76,74365
top4_trojan0_1_netlist.v,design_compiler,top4,0,1,,TROJANED,1813,121,81377
top4_trojan0_20_netlist.v,design_compiler,top4,0,20,,TROJANED,1738,94,77175
top4_trojan0_21_netlist.v,design_compiler,top4,0,21,,TROJANED,1788,112,79981
top4_trojan0_22_netlist.v,design_compiler,top4,0,22,,TROJANED,1822,130,82082
top4_trojan0_23_netlist.v,design_compiler,top4,0,23,,TROJANED,1840,148,83485
top4_trojan0_24_netlist.v,design_compiler,top4,0,24,,TROJANED,1858,166,84898
top4_trojan0_2_netlist.v,design_compiler,top4,0,2,,TROJANED,1876,184,86332
top4_trojan0_3_netlist.v,design_compiler,top4,0,3,,TROJANED,1805,113,80855
top4_trojan0_4_netlist.v,design_compiler,top4,0,4,,TROJANED,1809,117,81114
top4_trojan0_5_netlist.v,design_compiler,top4,0,5,,TROJANED,1812,120,81404
top4_trojan0_6_netlist.v,design_compiler,top4,0,6,,TROJANED,1821,129,81895
top4_trojan0_7_netlist.v,design_compiler,top4,0,7,,TROJANED,1825,133,82152
top4_trojan0_8_netlist.v,design_compiler,top4,0,8,,TROJANED,1829,137,82412
top4_trojan0_9_netlist.v,design_compiler,top4,0,9,,TROJANED,1828,136,82442
top4_trojan1_0_netlist.v,design_compiler,top4,1,0,,TROJANED,1493,17,64655
top4_trojan1_10_netlist.v,design_compiler,top4,1,10,,TROJANED,1574,98,68633
top4_trojan1_11_netlist.v,design_compiler,top4,1,11,,TROJANED,1581,105,68984
top4_trojan1_12_netlist.v,design_compiler,top4,1,12,,TROJANED,1588,112,69335
top4_trojan1_13_netlist.v,design_compiler,top4,1,13,,TROJANED,1492,16,64602
top4_trojan1_14_netlist.v,design_compiler,top4,1,14,,TROJANED,1493,17,64656
top4_trojan1_15_netlist.v,design_compiler,top4,1,15,,TROJANED,1492,16,64618
top4_trojan1_16_netlist.v,design_compiler,top4,1,16,,TROJANED,1493,17,64656
top4_trojan1_17_netlist.v,design_compiler,top4,1,17,,TROJANED,1492,16,64618
top4_trojan1_18_netlist.v,design_compiler,top4,1,18,,TROJANED,1493,17,64662
top4_trojan1_19_netlist.v,design_compiler,top4,1,19,,TROJANED,1493,17,64661
top4_trojan1_1_netlist.v,design_compiler,top4,1,1,,TROJANED,1501,25,65016
top4_trojan1_20_netlist.v,design_compiler,top4,1,20,,TROJANED,1493,17,64662
top4_trojan1_21_netlist.v,design_compiler,top4,1,21,,TROJANED,1494,18,64706
top4_trojan1_22_netlist.v,design_compiler,top4,1,22,,TROJANED,1495,19,64746
top4_trojan1_23_netlist.v,design_compiler,top4,1,23,,TROJANED,1494,18,64706
top4_trojan1_24_netlist.v,design_compiler,top4,1,24,,TROJANED,1506,30,65232
top4_trojan1_2_netlist.v,design_compiler,top4,1,2,,TROJANED,1519,43,65891
top4_trojan1_3_netlist.v,design_compiler,top4,1,3,,TROJANED,1526,50,66242
top4_trojan1_4_netlist.v,design_compiler,top4,1,4,,TROJANED,1533,57,66593
top4_trojan1_5_netlist.v,design_compiler,top4,1,5,,TROJANED,1540,64,66945
top4_trojan1_6_netlist.v,design_compiler,top4,1,6,,TROJANED,1547,71,67301
top4_trojan1_7_netlist.v,design_compiler,top4,1,7,,TROJANED,1552,76,67568
top4_trojan1_8_netlist.v,design_compiler,top4,1,8,,TROJANED,1560,84,67923
top4_trojan1_9_netlist.v,design_compiler,top4,1,9,,TROJANED,1567,91,68278
top4_trojan2_0_netlist.v,design_compiler,top4,2,0,,TROJANED,844,25,36837
top4_trojan2_10_netlist.v,design_compiler,top4,2,10,,TROJANED,886,67,39065
top4_trojan2_11_netlist.v,design_compiler,top4,2,11,,TROJANED,892,73,39383
top4_trojan2_12_netlist.v,design_compiler,top4,2,12,,TROJANED,840,21,36667
top4_trojan2_13_netlist.v,design_compiler,top4,2,13,,TROJANED,843,24,36786
top4_trojan2_14_netlist.v,design_compiler,top4,2,14,,TROJANED,848,29,37063
top4_trojan2_15_netlist.v,design_compiler,top4,2,15,,TROJANED,852,33,37296
top4_trojan2_16_netlist.v,design_compiler,top4,2,16,,TROJANED,856,37,37526
top4_trojan2_17_netlist.v,design_compiler,top4,2,17,,TROJANED,860,41,37758
top4_trojan2_18_netlist.v,design_compiler,top4,2,18,,TROJANED,865,46,38025
top4_trojan2_19_netlist.v,design_compiler,top4,2,19,,TROJANED,868,49,38224
top4_trojan2_1_netlist.v,design_compiler,top4,2,1,,TROJANED,844,25,36837
top4_trojan2_20_netlist.v,design_compiler,top4,2,20,,TROJANED,873,54,38491
top4_trojan2_21_netlist.v,design_compiler,top4,2,21,,TROJANED,876,57,38690
top4_trojan2_22_netlist.v,design_compiler,top4,2,22,,TROJANED,868,49,38111
top4_trojan2_23_netlist.v,design_compiler,top4,2,23,,TROJANED,892,73,39383
top4_trojan2_24_netlist.v,design_compiler,top4,2,24,,TROJANED,832,13,36213
top4_trojan2_2_netlist.v,design_compiler,top4,2,2,,TROJANED,832,13,36213
top4_trojan2_3_netlist.v,design_compiler,top4,2,3,,TROJANED,838,19,36523
top4_trojan2_4_netlist.v,design_compiler,top4,2,4,,TROJANED,850,31,37147
top4_trojan2_5_netlist.v,design_compiler,top4,2,5,,TROJANED,856,37,37467
top4_trojan2_6_netlist.v,design_compiler,top4,2,6,,TROJANED,862,43,37789
top4_trojan2_7_netlist.v,design_compiler,top4,2,7,,TROJANED,868,49,38111
top4_trojan2_8_netlist.v,design_compiler,top4,2,8,,TROJANED,874,55,38429
top4_trojan2_9_netlist.v,design_compiler,top4,2,9,,TROJANED,880,61,38747
top4_trojan3_0_netlist.v,design_compiler,top4,3,0,,TROJANED,817,102,36015
top4_trojan3_10_netlist.v,design_compiler,top4,3,10,,TROJANED,871,156,38747
top4_trojan3_11_netlist.v,design_compiler,top4,3,11,,TROJANED,879,164,39159
top4_trojan3_12_netlist.v,design_compiler,top4,3,12,,TROJANED,887,172,39571
top4_trojan3_13_netlist.v,design_compiler,top4,3,13,,TROJANED,752,65,33179
top4_trojan3_14_netlist.v,design_compiler,top4,3,14,,TROJANED,783,86,34444
top4_trojan3_15_netlist.v,design_compiler,top4,3,15,,TROJANED,799,92,35030
top4_trojan3_16_netlist.v,design_compiler,top4,3,16,,TROJANED,803,92,35363
top4_trojan3_17_netlist.v,design_compiler,top4,3,17,,TROJANED,840,112,37235
top4_trojan3_18_netlist.v,design_compiler,top4,3,18,,TROJANED,872,122,38669
top4_trojan3_19_netlist.v,design_compiler,top4,3,19,,TROJANED,904,132,40105
top4_trojan3_1_netlist.v,design_compiler,top4,3,1,,TROJANED,887,172,38755
top4_trojan3_20_netlist.v,design_compiler,top4,3,20,,TROJANED,936,142,41539
top4_trojan3_21_netlist.v,design_compiler,top4,3,21,,TROJANED,790,103,35087
top4_trojan3_22_netlist.v,design_compiler,top4,3,22,,TROJANED,974,180,43447
top4_trojan3_23_netlist.v,design_compiler,top4,3,23,,TROJANED,822,135,36735
top4_trojan3_24_netlist.v,design_compiler,top4,3,24,,TROJANED,1006,212,45101
top4_trojan3_2_netlist.v,design_compiler,top4,3,2,,TROJANED,829,114,36534
top4_trojan3_3_netlist.v,design_compiler,top4,3,3,,TROJANED,805,90,35383
top4_trojan3_4_netlist.v,design_compiler,top4,3,4,,TROJANED,812,97,35743
top4_trojan3_5_netlist.v,design_compiler,top4,3,5,,TROJANED,824,109,36375
top4_trojan3_6_netlist.v,design_compiler,top4,3,6,,TROJANED,839,124,37099
top4_trojan3_7_netlist.v,design_compiler,top4,3,7,,TROJANED,847,132,37511
top4_trojan3_8_netlist.v,design_compiler,top4,3,8,,TROJANED,855,140,37923
top4_trojan3_9_netlist.v,design_compiler,top4,3,9,,TROJANED,863,148,38335
top4_trojan4_0_netlist.v,design_compiler,top4,4,0,,TROJANED,832,148,37420
top4_trojan4_10_netlist.v,design_compiler,top4,4,10,,TROJANED,851,167,38944
top4_trojan4_11_netlist.v,design_compiler,top4,4,11,,TROJANED,634,52,27658
top4_trojan4_12_netlist.v,design_compiler,top4,4,12,,TROJANED,659,60,28930
top4_trojan4_13_netlist.v,design_compiler,top4,4,13,,TROJANED,700,84,30912
top4_trojan4_14_netlist.v,design_compiler,top4,4,14,,TROJANED,725,92,32184
top4_trojan4_15_netlist.v,design_compiler,top4,4,15,,TROJANED,766,116,34166
top4_trojan4_16_netlist.v,design_compiler,top4,4,16,,TROJANED,791,124,35438
top4_trojan4_17_netlist.v,design_compiler,top4,4,17,,TROJANED,842,158,38322
top4_trojan4_18_netlist.v,design_compiler,top4,4,18,,TROJANED,867,183,39746
top4_trojan4_19_netlist.v,design_compiler,top4,4,19,,TROJANED,875,191,40426
top4_trojan4_1_netlist.v,design_compiler,top4,4,1,,TROJANED,832,148,37420
top4_trojan4_20_netlist.v,design_compiler,top4,4,20,,TROJANED,900,216,41848
top4_trojan4_21_netlist.v,design_compiler,top4,4,21,,TROJANED,909,225,42574
top4_trojan4_22_netlist.v,design_compiler,top4,4,22,,TROJANED,940,256,44224
top4_trojan4_23_netlist.v,design_compiler,top4,4,23,,TROJANED,950,266,44994
top4_trojan4_24_netlist.v,design_compiler,top4,4,24,,TROJANED,976,292,46474
top4_trojan4_2_netlist.v,design_compiler,top4,4,2,,TROJANED,832,148,37420
top4_trojan4_3_netlist.v,design_compiler,top4,4,3,,TROJANED,834,150,37580
top4_trojan4_4_netlist.v,design_compiler,top4,4,4,,TROJANED,836,152,37740
top4_trojan4_5_netlist.v,design_compiler,top4,4,5,,TROJANED,838,154,37900
top4_trojan4_6_netlist.v,design_compiler,top4,4,6,,TROJANED,842,158,38298
top4_trojan4_7_netlist.v,design_compiler,top4,4,7,,TROJANED,844,160,38460
top4_trojan4_8_netlist.v,design_compiler,top4,4,8,,TROJANED,847,163,38652
top4_trojan4_9_netlist.v,design_compiler,top4,4,9,,TROJANED,849,165,38808
top4_trojan5_0_netlist.v,design_compiler,top4,5,0,,TROJANED,1113,41,59546
top4_trojan5_10_netlist.v,design_compiler,top4,5,10,,TROJANED,1113,41,59536
top4_trojan5_11_netlist.v,design_compiler,top4,5,11,,TROJANED,1113,41,59536
top4_trojan5_12_netlist.v,design_compiler,top4,5,12,,TROJANED,1113,41,59536
top4_trojan5_13_netlist.v,design_compiler,top4,5,13,,TROJANED,1077,17,58138
top4_trojan5_14_netlist.v,design_compiler,top4,5,14,,TROJANED,1091,27,58734
top4_trojan5_15_netlist.v,design_compiler,top4,5,15,,TROJANED,1093,25,58809
top4_trojan5_16_netlist.v,design_compiler,top4,5,16,,TROJANED,1103,30,59272
top4_trojan5_17_netlist.v,design_compiler,top4,5,17,,TROJANED,1103,30,59294
top4_trojan5_18_netlist.v,design_compiler,top4,5,18,,TROJANED,1103,30,59316
top4_trojan5_19_netlist.v,design_compiler,top4,5,19,,TROJANED,1103,30,59338
top4_trojan5_1_netlist.v,design_compiler,top4,5,1,,TROJANED,1114,42,59588
top4_trojan5_20_netlist.v,design_compiler,top4,5,20,,TROJANED,1103,30,59360
top4_trojan5_21_netlist.v,design_compiler,top4,5,21,,TROJANED,1112,40,59497
top4_trojan5_22_netlist.v,design_compiler,top4,5,22,,TROJANED,1115,43,59622
top4_trojan5_23_netlist.v,design_compiler,top4,5,23,,TROJANED,1113,43,59516
top4_trojan5_24_netlist.v,design_compiler,top4,5,24,,TROJANED,1115,43,59617
top4_trojan5_2_netlist.v,design_compiler,top4,5,2,,TROJANED,1113,41,59545
top4_trojan5_3_netlist.v,design_compiler,top4,5,3,,TROJANED,1142,70,60920
top4_trojan5_4_netlist.v,design_compiler,top4,5,4,,TROJANED,1120,48,59831
top4_trojan5_5_netlist.v,design_compiler,top4,5,5,,TROJANED,1107,41,59248
top4_trojan5_6_netlist.v,design_compiler,top4,5,6,,TROJANED,1109,41,59344
top4_trojan5_7_netlist.v,design_compiler,top4,5,7,,TROJANED,1111,41,59440
top4_trojan5_8_netlist.v,design_compiler,top4,5,8,,TROJANED,1113,41,59541
top4_trojan5_9_netlist.v,design_compiler,top4,5,9,,TROJANED,1113,41,59536
top4_trojan6_0_netlist.v,design_compiler,top4,6,0,,TROJANED,768,34,30548
top4_trojan6_10_netlist.v,design_compiler,top4,6,10,,TROJANED,783,49,31145
top4_trojan6_11_netlist.v,design_compiler,top4,6,11,,TROJANED,787,53,31308
top4_trojan6_12_netlist.v,design_compiler,top4,6,12,,TROJANED,791,57,31470
top4_trojan6_13_netlist.v,design_compiler,top4,6,13,,TROJANED,796,62,31666
top4_trojan6_14_netlist.v,design_compiler,top4,6,14,,TROJANED,799,65,31794
top4_trojan6_15_netlist.v,design_compiler,top4,6,15,,TROJANED,768,34,30548
top4_trojan6_16_netlist.v,design_compiler,top4,6,16,,TROJANED,768,34,30548
top4_trojan6_17_netlist.v,design_compiler,top4,6,17,,TROJANED,768,34,30548
top4_trojan6_18_netlist.v,design_compiler,top4,6,18,,TROJANED,768,34,30548
top4_trojan6_19_netlist.v,design_compiler,top4,6,19,,TROJANED,768,34,30548
top4_trojan6_1_netlist.v,design_compiler,top4,6,1,,TROJANED,768,34,30548
top4_trojan6_20_netlist.v,design_compiler,top4,6,20,,TROJANED,768,34,30548
top4_trojan6_21_netlist.v,design_compiler,top4,6,21,,TROJANED,796,62,31707
top4_trojan6_22_netlist.v,design_compiler,top4,6,22,,TROJANED,767,33,30514
top4_trojan6_23_netlist.v,design_compiler,top4,6,23,,TROJANED,768,34,30548
top4_trojan6_24_netlist.v,design_compiler,top4,6,24,,TROJANED,769,35,30583
top4_trojan6_2_netlist.v,design_compiler,top4,6,2,,TROJANED,767,33,30514
top4_trojan6_3_netlist.v,design_compiler,top4,6,3,,TROJANED,751,17,29874
top4_trojan6_4_netlist.v,design_compiler,top4,6,4,,TROJANED,756,22,30066
top4_trojan6_5_netlist.v,design_compiler,top4,6,5,,TROJANED,759,25,30189
top4_trojan6_6_netlist.v,design_compiler,top4,6,6,,TROJANED,763,29,30352
top4_trojan6_7_netlist.v,design_compiler,top4,6,7,,TROJANED,771,37,30671
top4_trojan6_8_netlist.v,design_compiler,top4,6,8,,TROJANED,775,41,30829
top4_trojan6_9_netlist.v,design_compiler,top4,6,9,,TROJANED,779,45,30987
top4_trojan7_0_netlist.v,design_compiler,top4,7,0,,TROJANED,1677,67,69523
top4_trojan7_10_netlist.v,design_compiler,top4,7,10,,TROJANED,1709,99,70980
top4_trojan7_11_netlist.v,design_compiler,top4,7,11,,TROJANED,1718,108,71390
top4_trojan7_12_netlist.v,design_compiler,top4,7,12,,TROJANED,1725,115,71724
top4_trojan7_13_netlist.v,design_compiler,top4,7,13,,TROJANED,1734,124,72134
top4_trojan7_14_netlist.v,design_compiler,top4,7,14,,TROJANED,1741,131,72467
top4_trojan7_15_netlist.v,design_compiler,top4,7,15,,TROJANED,1677,67,69523
top4_trojan7_16_netlist.v,design_compiler,top4,7,16,,TROJANED,1677,67,69523
top4_trojan7_17_netlist.v,design_compiler,top4,7,17,,TROJANED,1677,67,69523
top4_trojan7_18_netlist.v,design_compiler,top4,7,18,,TROJANED,1677,67,69523
top4_trojan7_19_netlist.v,design_compiler,top4,7,19,,TROJANED,1677,67,69523
top4_trojan7_1_netlist.v,design_compiler,top4,7,1,,TROJANED,1677,67,69523
top4_trojan7_20_netlist.v,design_compiler,top4,7,20,,TROJANED,1677,67,69523
top4_trojan7_21_netlist.v,design_compiler,top4,7,21,,TROJANED,767,65,30481
top4_trojan7_22_netlist.v,design_compiler,top4,7,22,,TROJANED,1676,66,69485
top4_trojan7_23_netlist.v,design_compiler,top4,7,23,,TROJANED,1678,68,69575
top4_trojan7_24_netlist.v,design_compiler,top4,7,24,,TROJANED,1679,69,69627
top4_trojan7_2_netlist.v,design_compiler,top4,7,2,,TROJANED,1675,65,69443
top4_trojan7_3_netlist.v,design_compiler,top4,7,3,,TROJANED,1646,36,68086
top4_trojan7_4_netlist.v,design_compiler,top4,7,4,,TROJANED,1653,43,68412
top4_trojan7_5_netlist.v,design_compiler,top4,7,5,,TROJANED,1661,51,68780
top4_trojan7_6_netlist.v,design_compiler,top4,7,6,,TROJANED,1670,60,69190
top4_trojan7_7_netlist.v,design_compiler,top4,7,7,,TROJANED,1685,75,69887
top4_trojan7_8_netlist.v,design_compiler,top4,7,8,,TROJANED,1694,84,70289
top4_trojan7_9_netlist.v,design_compiler,top4,7,9,,TROJANED,1702,92,70653
top4_trojan8_0_netlist.v,design_compiler,top4,8,0,,TROJANED,6209,5424,279293
top4_trojan8_10_netlist.v,design_compiler,top4,8,10,,TROJANED,812,134,34479
top4_trojan8_11_netlist.v,design_compiler,top4,8,11,,TROJANED,726,13,31155
top4_trojan8_12_netlist.v,design_compiler,top4,8,12,,TROJANED,746,56,31702
top4_trojan8_13_netlist.v,design_compiler,top4,8,13,,TROJANED,815,143,34672
top4_trojan8_14_netlist.v,design_compiler,top4,8,14,,TROJANED,866,199,36858
top4_trojan8_15_netlist.v,design_compiler,top4,8,15,,TROJANED,659,19,27956
top4_trojan8_16_netlist.v,design_compiler,top4,8,16,,TROJANED,6138,5353,276204
top4_trojan8_17_netlist.v,design_compiler,top4,8,17,,TROJANED,6189,5404,278421
top4_trojan8_18_netlist.v,design_compiler,top4,8,18,,TROJANED,781,52,33382
top4_trojan8_19_netlist.v,design_compiler,top4,8,19,,TROJANED,1256,500,54112
top4_trojan8_1_netlist.v,design_compiler,top4,8,1,,TROJANED,647,15,27440
top4_trojan8_20_netlist.v,design_compiler,top4,8,20,,TROJANED,1359,620,58012
top4_trojan8_21_netlist.v,design_compiler,top4,8,21,,TROJANED,1864,1108,81702
top4_trojan8_22_netlist.v,design_compiler,top4,8,22,,TROJANED,2723,1967,120670
top4_trojan8_23_netlist.v,design_compiler,top4,8,23,,TROJANED,4766,4013,213255
top4_trojan8_24_netlist.v,design_compiler,top4,8,24,,TROJANED,4673,3934,208571
top4_trojan8_2_netlist.v,design_compiler,top4,8,2,,TROJANED,652,16,27658
top4_trojan8_3_netlist.v,design_compiler,top4,8,3,,TROJANED,726,13,31155
top4_trojan8_4_netlist.v,design_compiler,top4,8,4,,TROJANED,726,13,31155
top4_trojan8_5_netlist.v,design_compiler,top4,8,5,,TROJANED,746,56,31702
top4_trojan8_6_netlist.v,design_compiler,top4,8,6,,TROJANED,749,63,31821
top4_trojan8_7_netlist.v,design_compiler,top4,8,7,,TROJANED,812,143,34554
top4_trojan8_8_netlist.v,design_compiler,top4,8,8,,TROJANED,872,196,37013
top4_trojan8_9_netlist.v,design_compiler,top4,8,9,,TROJANED,863,196,36643
top4_trojan9_0_netlist.v,design_compiler,top4,9,0,,TROJANED,2931,2133,130116
top4_trojan9_10_netlist.v,design_compiler,top4,9,10,,TROJANED,1280,642,55514
top4_trojan9_11_netlist.v,design_compiler,top4,9,11,,TROJANED,1280,634,55415
top4_trojan9_12_netlist.v,design_compiler,top4,9,12,,TROJANED,1316,670,57112
top4_trojan9_13_netlist.v,design_compiler,top4,9,13,,TROJANED,2031,1360,88941
top4_trojan9_14_netlist.v,design_compiler,top4,9,14,,TROJANED,1551,872,67567
top4_trojan9_15_netlist.v,design_compiler,top4,9,15,,TROJANED,1242,965,53976
top4_trojan9_16_netlist.v,design_compiler,top4,9,16,,TROJANED,2414,1742,106393
top4_trojan9_17_netlist.v,design_compiler,top4,9,17,,TROJANED,2972,2174,132014
top4_trojan9_18_netlist.v,design_compiler,top4,9,18,,TROJANED,4365,3546,193870
top4_trojan9_19_netlist.v,design_compiler,top4,9,19,,TROJANED,4882,4063,216623
top4_trojan9_1_netlist.v,design_compiler,top4,9,1,,TROJANED,1441,661,62094
top4_trojan9_20_netlist.v,design_compiler,top4,9,20,,TROJANED,697,518,30327
top4_trojan9_21_netlist.v,design_compiler,top4,9,21,,TROJANED,9350,8531,416811
top4_trojan9_22_netlist.v,design_compiler,top4,9,22,,TROJANED,2931,2133,130203
top4_trojan9_23_netlist.v,design_compiler,top4,9,23,,TROJANED,2924,2126,129885
top4_trojan9_24_netlist.v,design_compiler,top4,9,24,,TROJANED,2941,2143,130632
top4_trojan9_2_netlist.v,design_compiler,top4,9,2,,TROJANED,1754,974,76915
top4_trojan9_3_netlist.v,design_compiler,top4,9,3,,TROJANED,1003,272,42528
top4_trojan9_4_netlist.v,design_compiler,top4,9,4,,TROJANED,3011,2018,133748
top4_trojan9_5_netlist.v,design_compiler,top4,9,5,,TROJANED,2486,1724,109674
top4_trojan9_6_netlist.v,design_compiler,top4,9,6,,TROJANED,2590,1818,114493
top4_trojan9_7_netlist.v,design_compiler,top4,9,7,,TROJANED,2422,1706,106813
top4_trojan9_8_netlist.v,design_compiler,top4,9,8,,TROJANED,2525,1764,111602
top4_trojan9_9_netlist.v,design_compiler,top4,9,9,,TROJANED,2664,1966,117910
trojan0_0_netlist.v,design_compiler,,,,,TROJANED,121,121,7151
trojan0_0_no_and_netlist.v,design_compiler,,,,,TROJANED,131,131,7423
trojan0_10_netlist.v,design_compiler,,,,,TROJANED,145,145,8557
trojan0_10_no_and_netlist.v,design_compiler,,,,,TROJANED,162,162,9039
trojan0_11_netlist.v,design_compiler,,,,,TROJANED,67,67,3810
trojan0_11_no_and_netlist.v,design_compiler,,,,,TROJANED,77,77,4072
trojan0_12_netlist.v,design_compiler,,,,,TROJANED,85,85,4912
trojan0_12_no_and_netlist.v,design_compiler,,,,,TROJANED,95,95,5174
trojan0_13_netlist.v,design_compiler,,,,,TROJANED,103,103,6017
trojan0_13_no_and_netlist.v,design_compiler,,,,,TROJANED,113,113,6289
trojan0_14_netlist.v,design_compiler,,,,,TROJANED,139,139,8285
trojan0_14_no_and_netlist.v,design_compiler,,,,,TROJANED,149,149,8557
trojan0_15_netlist.v,design_compiler,,,,,TROJANED,157,157,9421
trojan0_15_no_and_netlist.v,design_compiler,,,,,TROJANED,167,167,9693
trojan0_16_netlist.v,design_compiler,,,,,TROJANED,175,175,10570
trojan0_16_no_and_netlist.v,design_compiler,,,,,TROJANED,185,185,10842
trojan0_17_netlist.v,design_compiler,,,,,TROJANED,193,193,11722
trojan0_17_no_and_netlist.v,design_compiler,,,,,TROJANED,203,203,11994
trojan0_18_netlist.v,design_compiler,,,,,TROJANED,58,58,3244
trojan0_18_no_and_netlist.v,design_compiler,,,,,TROJANED,68,68,3506
trojan0_19_netlist.v,design_compiler,,,,,TROJANED,76,76,4361
trojan0_19_no_and_netlist.v,design_compiler,,,,,TROJANED,86,86,4623
trojan0_1_netlist.v,design_compiler,,,,,TROJANED,121,121,7151
trojan0_1_no_and_netlist.v,design_compiler,,,,,TROJANED,131,131,7423
trojan0_20_netlist.v,design_compiler,,,,,TROJANED,94,94,5463
trojan0_20_no_and_netlist.v,design_compiler,,,,,TROJANED,104,104,5729
trojan0_21_netlist.v,design_compiler,,,,,TROJANED,112,112,6584
trojan0_21_no_and_netlist.v,design_compiler,,,,,TROJANED,122,122,6856
trojan0_22_netlist.v,design_compiler,,,,,TROJANED,130,130,7718
trojan0_22_no_and_netlist.v,design_compiler,,,,,TROJANED,140,140,7990
trojan0_23_netlist.v,design_compiler,,,,,TROJANED,148,148,8853
trojan0_23_no_and_netlist.v,design_compiler,,,,,TROJANED,158,158,9125
trojan0_24_netlist.v,design_compiler,,,,,TROJANED,166,166,9994
trojan0_24_no_and_netlist.v,design_compiler,,,,,TROJANED,176,176,10266
trojan0_2_netlist.v,design_compiler,,,,,TROJANED,184,184,11146
trojan0_2_no_and_netlist.v,design_compiler,,,,,TROJANED,194,194,11418
trojan0_3_netlist.v,design_compiler,,,,,TROJANED,113,113,6679
trojan0_3_no_and_netlist.v,design_compiler,,,,,TROJANED,119,119,6831
trojan0_4_netlist.v,design_compiler,,,,,TROJANED,117,117,6913
trojan0_4_no_and_netlist.v,design_compiler,,,,,TROJANED,124,124,7095
trojan0_5_netlist.v,design_compiler,,,,,TROJANED,120,120,7196
trojan0_5_no_and_netlist.v,design_compiler,,,,,TROJANED,133,133,7586
trojan0_6_netlist.v,design_compiler,,,,,TROJANED,129,129,7619
trojan0_6_no_and_netlist.v,design_compiler,,,,,TROJANED,141,141,7951
trojan0_7_netlist.v,design_compiler,,,,,TROJANED,133,133,7853
trojan0_7_no_and_netlist.v,design_compiler,,,,,TROJANED,146,146,8215
trojan0_8_netlist.v,design_compiler,,,,,TROJANED,137,137,8089
trojan0_8_no_and_netlist.v,design_compiler,,,,,TROJANED,152,152,8511
trojan0_9_netlist.v,design_compiler,,,,,TROJANED,136,136,8136
trojan0_9_no_and_netlist.v,design_compiler,,,,,TROJANED,155,155,8706
trojan1_0_netlist.v,design_compiler,,,,,TROJANED,17,17,800
trojan1_0_no_and_netlist.v,design_compiler,,,,,TROJANED,21,21,927
trojan1_10_netlist.v,design_compiler,,,,,TROJANED,98,98,3962
trojan1_10_no_and_netlist.v,design_compiler,,,,,TROJANED,118,118,4660
trojan1_11_netlist.v,design_compiler,,,,,TROJANED,105,105,4248
trojan1_11_no_and_netlist.v,design_compiler,,,,,TROJANED,127,127,5045
trojan1_12_netlist.v,design_compiler,,,,,TROJANED,112,112,4582
trojan1_12_no_and_netlist.v,design_compiler,,,,,TROJANED,135,135,5394
trojan1_13_netlist.v,design_compiler,,,,,TROJANED,16,16,761
trojan1_13_no_and_netlist.v,design_compiler,,,,,TROJANED,22,22,947
trojan1_14_netlist.v,design_compiler,,,,,TROJANED,17,17,816
trojan1_14_no_and_netlist.v,design_compiler,,,,,TROJANED,26,26,1098
trojan1_15_netlist.v,design_compiler,,,,,TROJANED,16,16,787
trojan1_15_no_and_netlist.v,design_compiler,,,,,TROJANED,23,23,1013
trojan1_16_netlist.v,design_compiler,,,,,TROJANED,17,17,816
trojan1_16_no_and_netlist.v,design_compiler,,,,,TROJANED,26,26,1098
trojan1_17_netlist.v,design_compiler,,,,,TROJANED,16,16,787
trojan1_17_no_and_netlist.v,design_compiler,,,,,TROJANED,25,25,1071
trojan1_18_netlist.v,design_compiler,,,,,TROJANED,17,17,823
trojan1_18_no_and_netlist.v,design_compiler,,,,,TROJANED,26,26,1107
trojan1_19_netlist.v,design_compiler,,,,,TROJANED,17,17,822
trojan1_19_no_and_netlist.v,design_compiler,,,,,TROJANED,26,26,1104
trojan1_1_netlist.v,design_compiler,,,,,TROJANED,25,25,1087
trojan1_1_no_and_netlist.v,design_compiler,,,,,TROJANED,26,26,1124
trojan1_20_netlist.v,design_compiler,,,,,TROJANED,17,17,823
trojan1_20_no_and_netlist.v,design_compiler,,,,,TROJANED,26,26,1107
trojan1_21_netlist.v,design_compiler,,,,,TROJANED,18,18,859
trojan1_21_no_and_netlist.v,design_compiler,,,,,TROJANED,27,27,1141
trojan1_22_netlist.v,design_compiler,,,,,TROJANED,19,19,888
trojan1_22_no_and_netlist.v,design_compiler,,,,,TROJANED,27,27,1135
trojan1_23_netlist.v,design_compiler,,,,,TROJANED,18,18,859
trojan1_23_no_and_netlist.v,design_compiler,,,,,TROJANED,27,27,1141
trojan1_24_netlist.v,design_compiler,,,,,TROJANED,30,30,1241
trojan1_24_no_and_netlist.v,design_compiler,,,,,TROJANED,30,30,1227
trojan1_2_netlist.v,design_compiler,,,,,TROJANED,43,43,1771
trojan1_2_no_and_netlist.v,design_compiler,,,,,TROJANED,44,44,1802
trojan1_3_netlist.v,design_compiler,,,,,TROJANED,50,50,2051
trojan1_3_no_and_netlist.v,design_compiler,,,,,TROJANED,51,51,2079
trojan1_4_netlist.v,design_compiler,,,,,TROJANED,57,57,2331
trojan1_4_no_and_netlist.v,design_compiler,,,,,TROJANED,58,58,2363
trojan1_5_netlist.v,design_compiler,,,,,TROJANED,64,64,2611
trojan1_5_no_and_netlist.v,design_compiler,,,,,TROJANED,65,65,2640
trojan1_6_netlist.v,design_compiler,,,,,TROJANED,71,71,2891
trojan1_6_no_and_netlist.v,design_compiler,,,,,TROJANED,72,72,2924
trojan1_7_netlist.v,design_compiler,,,,,TROJANED,76,76,3103
trojan1_7_no_and_netlist.v,design_compiler,,,,,TROJANED,77,77,3135
trojan1_8_netlist.v,design_compiler,,,,,TROJANED,84,84,3400
trojan1_8_no_and_netlist.v,design_compiler,,,,,TROJANED,101,101,3919
trojan1_9_netlist.v,design_compiler,,,,,TROJANED,91,91,3681
trojan1_9_no_and_netlist.v,design_compiler,,,,,TROJANED,110,110,4311
trojan2_0_netlist.v,design_compiler,,,,,TROJANED,25,25,1270
trojan2_0_no_and_netlist.v,design_compiler,,,,,TROJANED,25,25,1272
trojan2_10_netlist.v,design_compiler,,,,,TROJANED,67,67,3260
trojan2_10_no_and_netlist.v,design_compiler,,,,,TROJANED,72,72,3414
trojan2_11_netlist.v,design_compiler,,,,,TROJANED,73,73,3544
trojan2_11_no_and_netlist.v,design_compiler,,,,,TROJANED,81,81,3794
trojan2_12_netlist.v,design_compiler,,,,,TROJANED,21,21,1120
trojan2_12_no_and_netlist.v,design_compiler,,,,,TROJANED,23,23,1182
trojan2_13_netlist.v,design_compiler,,,,,TROJANED,24,24,1224
trojan2_13_no_and_netlist.v,design_compiler,,,,,TROJANED,25,25,1254
trojan2_14_netlist.v,design_compiler,,,,,TROJANED,29,29,1472
trojan2_14_no_and_netlist.v,design_compiler,,,,,TROJANED,29,29,1472
trojan2_15_netlist.v,design_compiler,,,,,TROJANED,33,33,1681
trojan2_15_no_and_netlist.v,design_compiler,,,,,TROJANED,35,35,1739
trojan2_16_netlist.v,design_compiler,,,,,TROJANED,37,37,1887
trojan2_16_no_and_netlist.v,design_compiler,,,,,TROJANED,39,39,1943
trojan2_17_netlist.v,design_compiler,,,,,TROJANED,41,41,2095
trojan2_17_no_and_netlist.v,design_compiler,,,,,TROJANED,45,45,2209
trojan2_18_netlist.v,design_compiler,,,,,TROJANED,46,46,2333
trojan2_18_no_and_netlist.v,design_compiler,,,,,TROJANED,49,49,2421
trojan2_19_netlist.v,design_compiler,,,,,TROJANED,49,49,2513
trojan2_19_no_and_netlist.v,design_compiler,,,,,TROJANED,51,51,2575
trojan2_1_netlist.v,design_compiler,,,,,TROJANED,25,25,1270
trojan2_1_no_and_netlist.v,design_compiler,,,,,TROJANED,25,25,1272
trojan2_20_netlist.v,design_compiler,,,,,TROJANED,54,54,2751
trojan2_20_no_and_netlist.v,design_compiler,,,,,TROJANED,55,55,2787
trojan2_21_netlist.v,design_compiler,,,,,TROJANED,57,57,2931
trojan2_21_no_and_netlist.v,design_compiler,,,,,TROJANED,57,57,2941
trojan2_22_netlist.v,design_compiler,,,,,TROJANED,49,49,2408
trojan2_22_no_and_netlist.v,design_compiler,,,,,TROJANED,49,49,2418
trojan2_23_netlist.v,design_compiler,,,,,TROJANED,73,73,3544
trojan2_23_no_and_netlist.v,design_compiler,,,,,TROJANED,81,81,3794
trojan2_24_netlist.v,design_compiler,,,,,TROJANED,13,13,714
trojan2_24_no_and_netlist.v,design_compiler,,,,,TROJANED,13,13,716
trojan2_2_netlist.v,design_compiler,,,,,TROJANED,13,13,714
trojan2_2_no_and_netlist.v,design_compiler,,,,,TROJANED,13,13,716
trojan2_3_netlist.v,design_compiler,,,,,TROJANED,19,19,990
trojan2_3_no_and_netlist.v,design_compiler,,,,,TROJANED,20,20,1020
trojan2_4_netlist.v,design_compiler,,,,,TROJANED,31,31,1546
trojan2_4_no_and_netlist.v,design_compiler,,,,,TROJANED,32,32,1576
trojan2_5_netlist.v,design_compiler,,,,,TROJANED,37,37,1832
trojan2_5_no_and_netlist.v,design_compiler,,,,,TROJANED,41,41,1946
trojan2_6_netlist.v,design_compiler,,,,,TROJANED,43,43,2120
trojan2_6_no_and_netlist.v,design_compiler,,,,,TROJANED,45,45,2180
trojan2_7_netlist.v,design_compiler,,,,,TROJANED,49,49,2408
trojan2_7_no_and_netlist.v,design_compiler,,,,,TROJANED,49,49,2418
trojan2_8_netlist.v,design_compiler,,,,,TROJANED,55,55,2692
trojan2_8_no_and_netlist.v,design_compiler,,,,,TROJANED,56,56,2730
trojan2_9_netlist.v,design_compiler,,,,,TROJANED,61,61,2976
trojan2_9_no_and_netlist.v,design_compiler,,,,,TROJANED,65,65,3098
trojan3_0_netlist.v,design_compiler,,,,,TROJANED,102,102,4483
trojan3_0_no_and_netlist.v,design_compiler,,,,,TROJANED,113,113,4824
trojan3_10_netlist.v,design_compiler,,,,,TROJANED,156,156,7111
trojan3_10_no_and_netlist.v,design_compiler,,,,,TROJANED,176,176,7794
trojan3_11_netlist.v,design_compiler,,,,,TROJANED,164,164,7511
trojan3_11_no_and_netlist.v,design_compiler,,,,,TROJANED,186,186,8297
trojan3_12_netlist.v,design_compiler,,,,,TROJANED,172,172,7912
trojan3_12_no_and_netlist.v,design_compiler,,,,,TROJANED,198,198,8830
trojan3_13_netlist.v,design_compiler,,,,,TROJANED,65,65,2882
trojan3_13_no_and_netlist.v,design_compiler,,,,,TROJANED,71,71,3054
trojan3_14_netlist.v,design_compiler,,,,,TROJANED,86,86,3712
trojan3_14_no_and_netlist.v,design_compiler,,,,,TROJANED,93,93,3938
trojan3_15_netlist.v,design_compiler,,,,,TROJANED,92,92,3903
trojan3_15_no_and_netlist.v,design_compiler,,,,,TROJANED,91,91,3907
trojan3_16_netlist.v,design_compiler,,,,,TROJANED,92,92,4057
trojan3_16_no_and_netlist.v,design_compiler,,,,,TROJANED,102,102,4361
trojan3_17_netlist.v,design_compiler,,,,,TROJANED,112,112,4917
trojan3_17_no_and_netlist.v,design_compiler,,,,,TROJANED,124,124,5324
trojan3_18_netlist.v,design_compiler,,,,,TROJANED,122,122,5351
trojan3_18_no_and_netlist.v,design_compiler,,,,,TROJANED,135,135,5823
trojan3_19_netlist.v,design_compiler,,,,,TROJANED,132,132,5838
trojan3_19_no_and_netlist.v,design_compiler,,,,,TROJANED,146,146,6320
trojan3_1_netlist.v,design_compiler,,,,,TROJANED,172,172,7116
trojan3_1_no_and_netlist.v,design_compiler,,,,,TROJANED,167,167,7019
trojan3_20_netlist.v,design_compiler,,,,,TROJANED,142,142,6302
trojan3_20_no_and_netlist.v,design_compiler,,,,,TROJANED,157,157,6819
trojan3_21_netlist.v,design_compiler,,,,,TROJANED,103,103,4556
trojan3_21_no_and_netlist.v,design_compiler,,,,,TROJANED,113,113,4852
trojan3_22_netlist.v,design_compiler,,,,,TROJANED,180,180,8160
trojan3_22_no_and_netlist.v,design_compiler,,,,,TROJANED,198,198,8814
trojan3_23_netlist.v,design_compiler,,,,,TROJANED,135,135,6164
trojan3_23_no_and_netlist.v,design_compiler,,,,,TROJANED,157,157,6897
trojan3_24_netlist.v,design_compiler,,,,,TROJANED,212,212,9752
trojan3_24_no_and_netlist.v,design_compiler,,,,,TROJANED,242,242,10810
trojan3_2_netlist.v,design_compiler,,,,,TROJANED,114,114,4938
trojan3_2_no_and_netlist.v,design_compiler,,,,,TROJANED,122,122,5200
trojan3_3_netlist.v,design_compiler,,,,,TROJANED,90,90,3925
trojan3_3_no_and_netlist.v,design_compiler,,,,,TROJANED,100,100,4222
trojan3_4_netlist.v,design_compiler,,,,,TROJANED,97,97,4240
trojan3_4_no_and_netlist.v,design_compiler,,,,,TROJANED,106,106,4513
trojan3_5_netlist.v,design_compiler,,,,,TROJANED,109,109,4805
trojan3_5_no_and_netlist.v,design_compiler,,,,,TROJANED,120,120,5145
trojan3_6_netlist.v,design_compiler,,,,,TROJANED,124,124,5504
trojan3_6_no_and_netlist.v,design_compiler,,,,,TROJANED,140,140,6056
trojan3_7_netlist.v,design_compiler,,,,,TROJANED,132,132,5906
trojan3_7_no_and_netlist.v,design_compiler,,,,,TROJANED,147,147,6421
trojan3_8_netlist.v,design_compiler,,,,,TROJANED,140,140,6307
trojan3_8_no_and_netlist.v,design_compiler,,,,,TROJANED,154,154,6790
trojan3_9_netlist.v,design_compiler,,,,,TROJANED,148,148,6709
trojan3_9_no_and_netlist.v,design_compiler,,,,,TROJANED,164,164,7258
trojan4_0_netlist.v,design_compiler,,,,,TROJANED,148,148,8126
trojan4_0_no_and_netlist.v,design_compiler,,,,,TROJANED,148,148,8126
trojan4_10_netlist.v,design_compiler,,,,,TROJANED,164,164,9282
trojan4_10_no_and_netlist.v,design_compiler,,,,,TROJANED,164,164,9282
trojan4_11_netlist.v,design_compiler,,,,,TROJANED,52,52,3020
trojan4_11_no_and_netlist.v,design_compiler,,,,,TROJANED,52,52,3020
trojan4_12_netlist.v,design_compiler,,,,,TROJANED,60,60,3564
trojan4_12_no_and_netlist.v,design_compiler,,,,,TROJANED,60,60,3564
trojan4_13_netlist.v,design_compiler,,,,,TROJANED,84,84,4706
trojan4_13_no_and_netlist.v,design_compiler,,,,,TROJANED,84,84,4706
trojan4_14_netlist.v,design_compiler,,,,,TROJANED,92,92,5250
trojan4_14_no_and_netlist.v,design_compiler,,,,,TROJANED,92,92,5250
trojan4_15_netlist.v,design_compiler,,,,,TROJANED,116,116,6408
trojan4_15_no_and_netlist.v,design_compiler,,,,,TROJANED,116,116,6408
trojan4_16_netlist.v,design_compiler,,,,,TROJANED,124,124,6960
trojan4_16_no_and_netlist.v,design_compiler,,,,,TROJANED,124,124,6960
trojan4_17_netlist.v,design_compiler,,,,,TROJANED,156,156,8678
trojan4_17_no_and_netlist.v,design_compiler,,,,,TROJANED,156,156,8678
trojan4_18_netlist.v,design_compiler,,,,,TROJANED,180,180,9844
trojan4_18_no_and_netlist.v,design_compiler,,,,,TROJANED,180,180,9844
trojan4_19_netlist.v,design_compiler,,,,,TROJANED,188,188,10396
trojan4_19_no_and_netlist.v,design_compiler,,,,,TROJANED,188,188,10396
trojan4_1_netlist.v,design_compiler,,,,,TROJANED,148,148,8126
trojan4_1_no_and_netlist.v,design_compiler,,,,,TROJANED,148,148,8126
trojan4_20_netlist.v,design_compiler,,,,,TROJANED,212,212,11817
trojan4_20_no_and_netlist.v,design_compiler,,,,,TROJANED,212,212,11817
trojan4_21_netlist.v,design_compiler,,,,,TROJANED,220,220,12387
trojan4_21_no_and_netlist.v,design_compiler,,,,,TROJANED,220,220,12387
trojan4_22_netlist.v,design_compiler,,,,,TROJANED,249,249,13806
trojan4_22_no_and_netlist.v,design_compiler,,,,,TROJANED,249,249,13806
trojan4_23_netlist.v,design_compiler,,,,,TROJANED,258,258,14415
trojan4_23_no_and_netlist.v,design_compiler,,,,,TROJANED,258,258,14415
trojan4_24_netlist.v,design_compiler,,,,,TROJANED,283,283,15702
trojan4_24_no_and_netlist.v,design_compiler,,,,,TROJANED,283,283,15702
trojan4_2_netlist.v,design_compiler,,,,,TROJANED,148,148,8126
trojan4_2_no_and_netlist.v,design_compiler,,,,,TROJANED,148,148,8126
trojan4_3_netlist.v,design_compiler,,,,,TROJANED,150,150,8276
trojan4_3_no_and_netlist.v,design_compiler,,,,,TROJANED,150,150,8276
trojan4_4_netlist.v,design_compiler,,,,,TROJANED,152,152,8426
trojan4_4_no_and_netlist.v,design_compiler,,,,,TROJANED,152,152,8426
trojan4_5_netlist.v,design_compiler,,,,,TROJANED,154,154,8576
trojan4_5_no_and_netlist.v,design_compiler,,,,,TROJANED,154,154,8576
trojan4_6_netlist.v,design_compiler,,,,,TROJANED,156,156,8726
trojan4_6_no_and_netlist.v,design_compiler,,,,,TROJANED,156,156,8726
trojan4_7_netlist.v,design_compiler,,,,,TROJANED,158,158,8876
trojan4_7_no_and_netlist.v,design_compiler,,,,,TROJANED,158,158,8876
trojan4_8_netlist.v,design_compiler,,,,,TROJANED,160,160,9018
trojan4_8_no_and_netlist.v,design_compiler,,,,,TROJANED,160,160,9018
trojan4_9_netlist.v,design_compiler,,,,,TROJANED,162,162,9160
trojan4_9_no_and_netlist.v,design_compiler,,,,,TROJANED,162,162,9160
trojan5_0_netlist.v,design_compiler,,,,,TROJANED,41,41,1466
trojan5_0_no_and_netlist.v,design_compiler,,,,,TROJANED,38,38,1412
trojan5_10_netlist.v,design_compiler,,,,,TROJANED,41,41,1466
trojan5_10_no_and_netlist.v,design_compiler,,,,,TROJANED,38,38,1412
trojan5_11_netlist.v,design_compiler,,,,,TROJANED,41,41,1466
trojan5_11_no_and_netlist.v,design_compiler,,,,,TROJANED,38,38,1412
trojan5_12_netlist.v,design_compiler,,,,,TROJANED,41,41,1466
trojan5_12_no_and_netlist.v,design_compiler,,,,,TROJANED,38,38,1412
trojan5_13_netlist.v,design_compiler,,,,,TROJANED,17,17,697
trojan5_13_no_and_netlist.v,design_compiler,,,,,TROJANED,23,23,880
trojan5_14_netlist.v,design_compiler,,,,,TROJANED,27,27,1068
trojan5_14_no_and_netlist.v,design_compiler,,,,,TROJANED,33,33,1241
trojan5_15_netlist.v,design_compiler,,,,,TROJANED,25,25,976
trojan5_15_no_and_netlist.v,design_compiler,,,,,TROJANED,31,31,1161
trojan5_16_netlist.v,design_compiler,,,,,TROJANED,34,34,1318
trojan5_16_no_and_netlist.v,design_compiler,,,,,TROJANED,43,43,1586
trojan5_17_netlist.v,design_compiler,,,,,TROJANED,38,38,1464
trojan5_17_no_and_netlist.v,design_compiler,,,,,TROJANED,48,48,1760
trojan5_18_netlist.v,design_compiler,,,,,TROJANED,42,42,1610
trojan5_18_no_and_netlist.v,design_compiler,,,,,TROJANED,53,53,1934
trojan5_19_netlist.v,design_compiler,,,,,TROJANED,46,46,1756
trojan5_19_no_and_netlist.v,design_compiler,,,,,TROJANED,58,58,2108
trojan5_1_netlist.v,design_compiler,,,,,TROJANED,42,42,1504
trojan5_1_no_and_netlist.v,design_compiler,,,,,TROJANED,40,40,1478
trojan5_20_netlist.v,design_compiler,,,,,TROJANED,50,50,1902
trojan5_20_no_and_netlist.v,design_compiler,,,,,TROJANED,63,63,2282
trojan5_21_netlist.v,design_compiler,,,,,TROJANED,40,40,1423
trojan5_21_no_and_netlist.v,design_compiler,,,,,TROJANED,35,35,1312
trojan5_22_netlist.v,design_compiler,,,,,TROJANED,43,43,1531
trojan5_22_no_and_netlist.v,design_compiler,,,,,TROJANED,39,39,1449
trojan5_23_netlist.v,design_compiler,,,,,TROJANED,43,43,1529
trojan5_23_no_and_netlist.v,design_compiler,,,,,TROJANED,39,39,1447
trojan5_24_netlist.v,design_compiler,,,,,TROJANED,43,43,1532
trojan5_24_no_and_netlist.v,design_compiler,,,,,TROJANED,39,39,1450
trojan5_2_netlist.v,design_compiler,,,,,TROJANED,41,41,1461
trojan5_2_no_and_netlist.v,design_compiler,,,,,TROJANED,37,37,1379
trojan5_3_netlist.v,design_compiler,,,,,TROJANED,70,70,2591
trojan5_3_no_and_netlist.v,design_compiler,,,,,TROJANED,77,77,2804
trojan5_4_netlist.v,design_compiler,,,,,TROJANED,48,48,1706
trojan5_4_no_and_netlist.v,design_compiler,,,,,TROJANED,41,41,1508
trojan5_5_netlist.v,design_compiler,,,,,TROJANED,41,41,1459
trojan5_5_no_and_netlist.v,design_compiler,,,,,TROJANED,38,38,1405
trojan5_6_netlist.v,design_compiler,,,,,TROJANED,41,41,1459
trojan5_6_no_and_netlist.v,design_compiler,,,,,TROJANED,38,38,1405
trojan5_7_netlist.v,design_compiler,,,,,TROJANED,41,41,1464
trojan5_7_no_and_netlist.v,design_compiler,,,,,TROJANED,38,38,1410
trojan5_8_netlist.v,design_compiler,,,,,TROJANED,41,41,1466
trojan5_8_no_and_netlist.v,design_compiler,,,,,TROJANED,38,38,1412
trojan5_9_netlist.v,design_compiler,,,,,TROJANED,41,41,1466
trojan5_9_no_and_netlist.v,design_compiler,,,,,TROJANED,38,38,1412
trojan6_0_netlist.v,design_compiler,,,,,TROJANED,34,34,1316
trojan6_0_no_and_netlist.v,design_compiler,,,,,TROJANED,35,35,1348
trojan6_10_netlist.v,design_compiler,,,,,TROJANED,49,49,1870
trojan6_10_no_and_netlist.v,design_compiler,,,,,TROJANED,56,56,2070
trojan6_11_netlist.v,design_compiler,,,,,TROJANED,53,53,2021
trojan6_11_no_and_netlist.v,design_compiler,,,,,TROJANED,60,60,2227
trojan6_12_netlist.v,design_compiler,,,,,TROJANED,57,57,2171
trojan6_12_no_and_netlist.v,design_compiler,,,,,TROJANED,61,61,2297
trojan6_13_netlist.v,design_compiler,,,,,TROJANED,62,62,2350
trojan6_13_no_and_netlist.v,design_compiler,,,,,TROJANED,65,65,2452
trojan6_14_netlist.v,design_compiler,,,,,TROJANED,65,65,2471
trojan6_14_no_and_netlist.v,design_compiler,,,,,TROJANED,66,66,2519
trojan6_15_netlist.v,design_compiler,,,,,TROJANED,34,34,1316
trojan6_15_no_and_netlist.v,design_compiler,,,,,TROJANED,35,35,1348
trojan6_16_netlist.v,design_compiler,,,,,TROJANED,34,34,1316
trojan6_16_no_and_netlist.v,design_compiler,,,,,TROJANED,35,35,1348
trojan6_17_netlist.v,design_compiler,,,,,TROJANED,34,34,1316
trojan6_17_no_and_netlist.v,design_compiler,,,,,TROJANED,35,35,1348
trojan6_18_netlist.v,design_compiler,,,,,TROJANED,34,34,1316
trojan6_18_no_and_netlist.v,design_compiler,,,,,TROJANED,35,35,1348
trojan6_19_netlist.v,design_compiler,,,,,TROJANED,34,34,1316
trojan6_19_no_and_netlist.v,design_compiler,,,,,TROJANED,35,35,1348
trojan6_1_netlist.v,design_compiler,,,,,TROJANED,34,34,1316
trojan6_1_no_and_netlist.v,design_compiler,,,,,TROJANED,35,35,1348
trojan6_20_netlist.v,design_compiler,,,,,TROJANED,34,34,1316
trojan6_20_no_and_netlist.v,design_compiler,,,,,TROJANED,35,35,1348
trojan6_21_netlist.v,design_compiler,,,,,TROJANED,62,62,2341
trojan6_21_no_and_netlist.v,design_compiler,,,,,TROJANED,71,71,2598
trojan6_22_netlist.v,design_compiler,,,,,TROJANED,33,33,1287
trojan6_22_no_and_netlist.v,design_compiler,,,,,TROJANED,34,34,1321
trojan6_23_netlist.v,design_compiler,,,,,TROJANED,34,34,1316
trojan6_23_no_and_netlist.v,design_compiler,,,,,TROJANED,35,35,1356
trojan6_24_netlist.v,design_compiler,,,,,TROJANED,35,35,1346
trojan6_24_no_and_netlist.v,design_compiler,,,,,TROJANED,36,36,1381
trojan6_2_netlist.v,design_compiler,,,,,TROJANED,33,33,1287
trojan6_2_no_and_netlist.v,design_compiler,,,,,TROJANED,34,34,1321
trojan6_3_netlist.v,design_compiler,,,,,TROJANED,17,17,695
trojan6_3_no_and_netlist.v,design_compiler,,,,,TROJANED,18,18,727
trojan6_4_netlist.v,design_compiler,,,,,TROJANED,22,22,870
trojan6_4_no_and_netlist.v,design_compiler,,,,,TROJANED,24,24,932
trojan6_5_netlist.v,design_compiler,,,,,TROJANED,25,25,986
trojan6_5_no_and_netlist.v,design_compiler,,,,,TROJANED,29,29,1110
trojan6_6_netlist.v,design_compiler,,,,,TROJANED,29,29,1137
trojan6_6_no_and_netlist.v,design_compiler,,,,,TROJANED,32,32,1229
trojan6_7_netlist.v,design_compiler,,,,,TROJANED,37,37,1432
trojan6_7_no_and_netlist.v,design_compiler,,,,,TROJANED,39,39,1490
trojan6_8_netlist.v,design_compiler,,,,,TROJANED,41,41,1578
trojan6_8_no_and_netlist.v,design_compiler,,,,,TROJANED,45,45,1692
trojan6_9_netlist.v,design_compiler,,,,,TROJANED,45,45,1724
trojan6_9_no_and_netlist.v,design_compiler,,,,,TROJANED,50,50,1868
trojan7_0_netlist.v,design_compiler,,,,,TROJANED,67,67,2559
trojan7_0_no_and_netlist.v,design_compiler,,,,,TROJANED,67,67,2584
trojan7_10_netlist.v,design_compiler,,,,,TROJANED,99,99,3728
trojan7_10_no_and_netlist.v,design_compiler,,,,,TROJANED,115,115,4291
trojan7_11_netlist.v,design_compiler,,,,,TROJANED,108,108,4089
trojan7_11_no_and_netlist.v,design_compiler,,,,,TROJANED,120,120,4520
trojan7_12_netlist.v,design_compiler,,,,,TROJANED,115,115,4388
trojan7_12_no_and_netlist.v,design_compiler,,,,,TROJANED,123,123,4687
trojan7_13_netlist.v,design_compiler,,,,,TROJANED,124,124,4753
trojan7_13_no_and_netlist.v,design_compiler,,,,,TROJANED,128,128,4916
trojan7_14_netlist.v,design_compiler,,,,,TROJANED,131,131,5051
trojan7_14_no_and_netlist.v,design_compiler,,,,,TROJANED,131,131,5076
trojan7_15_netlist.v,design_compiler,,,,,TROJANED,67,67,2559
trojan7_15_no_and_netlist.v,design_compiler,,,,,TROJANED,67,67,2584
trojan7_16_netlist.v,design_compiler,,,,,TROJANED,67,67,2559
trojan7_16_no_and_netlist.v,design_compiler,,,,,TROJANED,67,67,2584
trojan7_17_netlist.v,design_compiler,,,,,TROJANED,67,67,2559
trojan7_17_no_and_netlist.v,design_compiler,,,,,TROJANED,67,67,2584
trojan7_18_netlist.v,design_compiler,,,,,TROJANED,67,67,2559
trojan7_18_no_and_netlist.v,design_compiler,,,,,TROJANED,67,67,2584
trojan7_19_netlist.v,design_compiler,,,,,TROJANED,67,67,2559
trojan7_19_no_and_netlist.v,design_compiler,,,,,TROJANED,67,67,2584
trojan7_1_netlist.v,design_compiler,,,,,TROJANED,67,67,2559
trojan7_1_no_and_netlist.v,design_compiler,,,,,TROJANED,67,67,2584
trojan7_20_netlist.v,design_compiler,,,,,TROJANED,67,67,2559
trojan7_20_no_and_netlist.v,design_compiler,,,,,TROJANED,67,67,2584
trojan7_21_netlist.v,design_compiler,,,,,TROJANED,65,65,2493
trojan7_21_no_and_netlist.v,design_compiler,,,,,TROJANED,65,65,2516
trojan7_22_netlist.v,design_compiler,,,,,TROJANED,66,66,2526
trojan7_22_no_and_netlist.v,design_compiler,,,,,TROJANED,66,66,2550
trojan7_23_netlist.v,design_compiler,,,,,TROJANED,68,68,2592
trojan7_23_no_and_netlist.v,design_compiler,,,,,TROJANED,68,68,2618
trojan7_24_netlist.v,design_compiler,,,,,TROJANED,69,69,2625
trojan7_24_no_and_netlist.v,design_compiler,,,,,TROJANED,69,69,2652
trojan7_2_netlist.v,design_compiler,,,,,TROJANED,65,65,2496
trojan7_2_no_and_netlist.v,design_compiler,,,,,TROJANED,65,65,2519
trojan7_3_netlist.v,design_compiler,,,,,TROJANED,36,36,1404
trojan7_3_no_and_netlist.v,design_compiler,,,,,TROJANED,36,36,1413
trojan7_4_netlist.v,design_compiler,,,,,TROJANED,43,43,1667
trojan7_4_no_and_netlist.v,design_compiler,,,,,TROJANED,47,47,1798
trojan7_5_netlist.v,design_compiler,,,,,TROJANED,51,51,1960
trojan7_5_no_and_netlist.v,design_compiler,,,,,TROJANED,59,59,2211
trojan7_6_netlist.v,design_compiler,,,,,TROJANED,60,60,2289
trojan7_6_no_and_netlist.v,design_compiler,,,,,TROJANED,64,64,2428
trojan7_7_netlist.v,design_compiler,,,,,TROJANED,75,75,2851
trojan7_7_no_and_netlist.v,design_compiler,,,,,TROJANED,78,78,2966
trojan7_8_netlist.v,design_compiler,,,,,TROJANED,84,84,3172
trojan7_8_no_and_netlist.v,design_compiler,,,,,TROJANED,91,91,3407
trojan7_9_netlist.v,design_compiler,,,,,TROJANED,92,92,3464
trojan7_9_no_and_netlist.v,design_compiler,,,,,TROJANED,104,104,3865
trojan8_0_netlist.v,design_compiler,,,,,TROJANED,5424,5424,237306
trojan8_0_no_and_netlist.v,design_compiler,,,,,TROJANED,5438,5438,240860
trojan8_10_netlist.v,design_compiler,,,,,TROJANED,134,134,4858
trojan8_10_no_and_netlist.v,design_compiler,,,,,TROJANED,160,160,5911
trojan8_11_netlist.v,design_compiler,,,,,TROJANED,13,13,552
trojan8_11_no_and_netlist.v,design_compiler,,,,,TROJANED,18,18,696
trojan8_12_netlist.v,design_compiler,,,,,TROJANED,56,56,1994
trojan8_12_no_and_netlist.v,design_compiler,,,,,TROJANED,75,75,2638
trojan8_13_netlist.v,design_compiler,,,,,TROJANED,141,141,5207
trojan8_13_no_and_netlist.v,design_compiler,,,,,TROJANED,170,170,6313
trojan8_14_netlist.v,design_compiler,,,,,TROJANED,197,197,7554
trojan8_14_no_and_netlist.v,design_compiler,,,,,TROJANED,221,221,8473
trojan8_15_netlist.v,design_compiler,,,,,TROJANED,19,19,701
trojan8_15_no_and_netlist.v,design_compiler,,,,,TROJANED,17,17,622
trojan8_16_netlist.v,design_compiler,,,,,TROJANED,5353,5353,234285
trojan8_16_no_and_netlist.v,design_compiler,,,,,TROJANED,5422,5422,240100
trojan8_17_netlist.v,design_compiler,,,,,TROJANED,5404,5404,236475
trojan8_17_no_and_netlist.v,design_compiler,,,,,TROJANED,5486,5486,243008
trojan8_18_netlist.v,design_compiler,,,,,TROJANED,52,52,1959
trojan8_18_no_and_netlist.v,design_compiler,,,,,TROJANED,45,45,1770
trojan8_19_netlist.v,design_compiler,,,,,TROJANED,500,500,19658
trojan8_19_no_and_netlist.v,design_compiler,,,,,TROJANED,502,502,19846
trojan8_1_netlist.v,design_compiler,,,,,TROJANED,15,15,564
trojan8_1_no_and_netlist.v,design_compiler,,,,,TROJANED,16,16,594
trojan8_20_netlist.v,design_compiler,,,,,TROJANED,620,620,24076
trojan8_20_no_and_netlist.v,design_compiler,,,,,TROJANED,589,589,23214
trojan8_21_netlist.v,design_compiler,,,,,TROJANED,1108,1108,44336
trojan8_21_no_and_netlist.v,design_compiler,,,,,TROJANED,1103,1103,44412
trojan8_22_netlist.v,design_compiler,,,,,TROJANED,1967,1967,82572
trojan8_22_no_and_netlist.v,design_compiler,,,,,TROJANED,1950,1950,82663
trojan8_23_netlist.v,design_compiler,,,,,TROJANED,4010,4010,173793
trojan8_23_no_and_netlist.v,design_compiler,,,,,TROJANED,3941,3941,172629
trojan8_24_netlist.v,design_compiler,,,,,TROJANED,3934,3934,170279
trojan8_24_no_and_netlist.v,design_compiler,,,,,TROJANED,3984,3984,174709
trojan8_2_netlist.v,design_compiler,,,,,TROJANED,16,16,599
trojan8_2_no_and_netlist.v,design_compiler,,,,,TROJANED,17,17,623
trojan8_3_netlist.v,design_compiler,,,,,TROJANED,13,13,552
trojan8_3_no_and_netlist.v,design_compiler,,,,,TROJANED,18,18,696
trojan8_4_netlist.v,design_compiler,,,,,TROJANED,13,13,552
trojan8_4_no_and_netlist.v,design_compiler,,,,,TROJANED,18,18,696
trojan8_5_netlist.v,design_compiler,,,,,TROJANED,56,56,1994
trojan8_5_no_and_netlist.v,design_compiler,,,,,TROJANED,75,75,2638
trojan8_6_netlist.v,design_compiler,,,,,TROJANED,63,63,2262
trojan8_6_no_and_netlist.v,design_compiler,,,,,TROJANED,61,61,2229
trojan8_7_netlist.v,design_compiler,,,,,TROJANED,141,141,5214
trojan8_7_no_and_netlist.v,design_compiler,,,,,TROJANED,146,146,5417
trojan8_8_netlist.v,design_compiler,,,,,TROJANED,194,194,7358
trojan8_8_no_and_netlist.v,design_compiler,,,,,TROJANED,218,218,8365
trojan8_9_netlist.v,design_compiler,,,,,TROJANED,194,194,7360
trojan8_9_no_and_netlist.v,design_compiler,,,,,TROJANED,218,218,8367
trojan9_0_netlist.v,design_compiler,,,,,TROJANED,2133,2133,89980
trojan9_0_no_and_netlist.v,design_compiler,,,,,TROJANED,2121,2121,90517
trojan9_10_netlist.v,design_compiler,,,,,TROJANED,636,636,25190
trojan9_10_no_and_netlist.v,design_compiler,,,,,TROJANED,694,694,28094
trojan9_11_netlist.v,design_compiler,,,,,TROJANED,628,628,24955
trojan9_11_no_and_netlist.v,design_compiler,,,,,TROJANED,730,730,29379
trojan9_12_netlist.v,design_compiler,,,,,TROJANED,664,664,26397
trojan9_12_no_and_netlist.v,design_compiler,,,,,TROJANED,773,773,31142
trojan9_13_netlist.v,design_compiler,,,,,TROJANED,1343,1343,54662
trojan9_13_no_and_netlist.v,design_compiler,,,,,TROJANED,1391,1391,57734
trojan9_14_netlist.v,design_compiler,,,,,TROJANED,858,858,34114
trojan9_14_no_and_netlist.v,design_compiler,,,,,TROJANED,959,959,38885
trojan9_15_netlist.v,design_compiler,,,,,TROJANED,965,965,38187
trojan9_15_no_and_netlist.v,design_compiler,,,,,TROJANED,953,953,37908
trojan9_16_netlist.v,design_compiler,,,,,TROJANED,1742,1742,72384
trojan9_16_no_and_netlist.v,design_compiler,,,,,TROJANED,1713,1713,71898
trojan9_17_netlist.v,design_compiler,,,,,TROJANED,2174,2174,91881
trojan9_17_no_and_netlist.v,design_compiler,,,,,TROJANED,2154,2154,92098
trojan9_18_netlist.v,design_compiler,,,,,TROJANED,3546,3546,152460
trojan9_18_no_and_netlist.v,design_compiler,,,,,TROJANED,3577,3577,155177
trojan9_19_netlist.v,design_compiler,,,,,TROJANED,4063,4063,175278
trojan9_19_no_and_netlist.v,design_compiler,,,,,TROJANED,3968,3968,172439
trojan9_1_netlist.v,design_compiler,,,,,TROJANED,661,661,25741
trojan9_1_no_and_netlist.v,design_compiler,,,,,TROJANED,619,619,24513
trojan9_20_netlist.v,design_compiler,,,,,TROJANED,518,518,20451
trojan9_20_no_and_netlist.v,design_compiler,,,,,TROJANED,515,515,20436
trojan9_21_netlist.v,design_compiler,,,,,TROJANED,8531,8531,375358
trojan9_21_no_and_netlist.v,design_compiler,,,,,TROJANED,8527,8527,378885
trojan9_22_netlist.v,design_compiler,,,,,TROJANED,2133,2133,90039
trojan9_22_no_and_netlist.v,design_compiler,,,,,TROJANED,2129,2129,90914
trojan9_23_netlist.v,design_compiler,,,,,TROJANED,2126,2126,89715
trojan9_23_no_and_netlist.v,design_compiler,,,,,TROJANED,2158,2158,92230
trojan9_24_netlist.v,design_compiler,,,,,TROJANED,2143,2143,90453
trojan9_24_no_and_netlist.v,design_compiler,,,,,TROJANED,2129,2129,90875
trojan9_2_netlist.v,design_compiler,,,,,TROJANED,974,974,38679
trojan9_2_no_and_netlist.v,design_compiler,,,,,TROJANED,973,973,38844
trojan9_3_netlist.v,design_compiler,,,,,TROJANED,272,272,10470
trojan9_3_no_and_netlist.v,design_compiler,,,,,TROJANED,309,309,12129
trojan9_4_netlist.v,design_compiler,,,,,TROJANED,2018,2018,84776
trojan9_4_no_and_netlist.v,design_compiler,,,,,TROJANED,2002,2002,85145
trojan9_5_netlist.v,design_compiler,,,,,TROJANED,1721,1721,71554
trojan9_5_no_and_netlist.v,design_compiler,,,,,TROJANED,1739,1739,73313
trojan9_6_netlist.v,design_compiler,,,,,TROJANED,1815,1815,75818
trojan9_6_no_and_netlist.v,design_compiler,,,,,TROJANED,1818,1818,76906
trojan9_7_netlist.v,design_compiler,,,,,TROJANED,1694,1694,70332
trojan9_7_no_and_netlist.v,design_compiler,,,,,TROJANED,1708,1708,71889
trojan9_8_netlist.v,design_compiler,,,,,TROJANED,1759,1759,73333
trojan9_8_no_and_netlist.v,design_compiler,,,,,TROJANED,1773,1773,74956
trojan9_9_netlist.v,design_compiler,,,,,TROJANED,1966,1966,82531
trojan9_9_no_and_netlist.v,design_compiler,,,,,TROJANED,1907,1907,80879
trojan0_0_g_netlist.v,genus,,0,0,,TROJANED,116,116,6930
trojan0_0_g_no_and_netlist.v,genus,,0,0,,TROJANED,129,129,7325
trojan0_10_g_netlist.v,genus,,0,10,,TROJANED,140,140,8200
trojan0_10_g_no_and_netlist.v,genus,,0,10,,TROJANED,160,160,8798
trojan0_11_g_netlist.v,genus,,0,11,,TROJANED,62,62,3518
trojan0_11_g_no_and_netlist.v,genus,,0,11,,TROJANED,75,75,3890
trojan0_12_g_netlist.v,genus,,0,12,,TROJANED,80,80,4650
trojan0_12_g_no_and_netlist.v,genus,,0,12,,TROJANED,93,93,5032
trojan0_13_g_netlist.v,genus,,0,13,,TROJANED,98,98,5782
trojan0_13_g_no_and_netlist.v,genus,,0,13,,TROJANED,111,111,6175
trojan0_14_g_netlist.v,genus,,0,14,,TROJANED,134,134,8090
trojan0_14_g_no_and_netlist.v,genus,,0,14,,TROJANED,147,147,8475
trojan0_15_g_netlist.v,genus,,0,15,,TROJANED,152,152,9244
trojan0_15_g_no_and_netlist.v,genus,,0,15,,TROJANED,165,165,9639
trojan0_16_g_netlist.v,genus,,0,16,,TROJANED,170,170,10412
trojan0_16_g_no_and_netlist.v,genus,,0,16,,TROJANED,183,183,10807
trojan0_17_g_netlist.v,genus,,0,17,,TROJANED,188,188,11582
trojan0_17_g_no_and_netlist.v,genus,,0,17,,TROJANED,201,201,11977
trojan0_18_g_netlist.v,genus,,0,18,,TROJANED,53,53,2952
trojan0_18_g_no_and_netlist.v,genus,,0,18,,TROJANED,66,66,3324
trojan0_19_g_netlist.v,genus,,0,19,,TROJANED,71,71,4084
trojan0_19_g_no_and_netlist.v,genus,,0,19,,TROJANED,84,84,4456
trojan0_1_g_netlist.v,genus,,0,1,,TROJANED,116,116,6930
trojan0_1_g_no_and_netlist.v,genus,,0,1,,TROJANED,129,129,7325
trojan0_20_g_netlist.v,genus,,0,20,,TROJANED,89,89,5216
trojan0_20_g_no_and_netlist.v,genus,,0,20,,TROJANED,102,102,5600
trojan0_21_g_netlist.v,genus,,0,21,,TROJANED,107,107,6355
trojan0_21_g_no_and_netlist.v,genus,,0,21,,TROJANED,120,120,6750
trojan0_22_g_netlist.v,genus,,0,22,,TROJANED,125,125,7515
trojan0_22_g_no_and_netlist.v,genus,,0,22,,TROJANED,138,138,7900
trojan0_23_g_netlist.v,genus,,0,23,,TROJANED,143,143,8667
trojan0_23_g_no_and_netlist.v,genus,,0,23,,TROJANED,156,156,9052
trojan0_24_g_netlist.v,genus,,0,24,,TROJANED,161,161,9827
trojan0_24_g_no_and_netlist.v,genus,,0,24,,TROJANED,174,174,10222
trojan0_2_g_netlist.v,genus,,0,2,,TROJANED,179,179,10997
trojan0_2_g_no_and_netlist.v,genus,,0,2,,TROJANED,192,192,11392
trojan0_3_g_netlist.v,genus,,0,3,,TROJANED,108,108,6510
trojan0_3_g_no_and_netlist.v,genus,,0,3,,TROJANED,117,117,6779
trojan0_4_g_netlist.v,genus,,0,4,,TROJANED,112,112,6718
trojan0_4_g_no_and_netlist.v,genus,,0,4,,TROJANED,122,122,7016
trojan0_5_g_netlist.v,genus,,0,5,,TROJANED,120,120,7146
trojan0_5_g_no_and_netlist.v,genus,,0,5,,TROJANED,133,133,7531
trojan0_6_g_netlist.v,genus,,0,6,,TROJANED,124,124,7356
trojan0_6_g_no_and_netlist.v,genus,,0,6,,TROJANED,139,139,7809
trojan0_7_g_netlist.v,genus,,0,7,,TROJANED,128,128,7564
trojan0_7_g_no_and_netlist.v,genus,,0,7,,TROJANED,144,144,8046
trojan0_8_g_netlist.v,genus,,0,8,,TROJANED,132,132,7774
trojan0_8_g_no_and_netlist.v,genus,,0,8,,TROJANED,150,150,8324
trojan0_9_g_netlist.v,genus,,0,9,,TROJANED,136,136,7992
trojan0_9_g_no_and_netlist.v,genus,,0,9,,TROJANED,155,155,8561
trojan1_0_g_netlist.v,genus,,1,0,,TROJANED,18,18,854
trojan1_0_g_no_and_netlist.v,genus,,1,0,,TROJANED,18,18,854
trojan1_10_g_netlist.v,genus,,1,10,,TROJANED,87,87,3615
trojan1_10_g_no_and_netlist.v,genus,,1,10,,TROJANED,84,84,3527
trojan1_11_g_netlist.v,genus,,1,11,,TROJANED,98,98,4031
trojan1_11_g_no_and_netlist.v,genus,,1,11,,TROJANED,93,93,3880
trojan1_12_g_netlist.v,genus,,1,12,,TROJANED,77,77,3281
trojan1_12_g_no_and_netlist.v,genus,,1,12,,TROJANED,93,93,3781
trojan1_13_g_netlist.v,genus,,1,13,,TROJANED,18,18,853
trojan1_13_g_no_and_netlist.v,genus,,1,13,,TROJANED,17,17,824
trojan1_14_g_netlist.v,genus,,1,14,,TROJANED,20,20,956
trojan1_14_g_no_and_netlist.v,genus,,1,14,,TROJANED,20,20,957
trojan1_15_g_netlist.v,genus,,1,15,,TROJANED,19,19,925
trojan1_15_g_no_and_netlist.v,genus,,1,15,,TROJANED,19,19,926
trojan1_16_g_netlist.v,genus,,1,16,,TROJANED,20,20,956
trojan1_16_g_no_and_netlist.v,genus,,1,16,,TROJANED,20,20,957
trojan1_17_g_netlist.v,genus,,1,17,,TROJANED,19,19,927
trojan1_17_g_no_and_netlist.v,genus,,1,17,,TROJANED,18,18,897
trojan1_18_g_netlist.v,genus,,1,18,,TROJANED,20,20,967
trojan1_18_g_no_and_netlist.v,genus,,1,18,,TROJANED,19,19,934
trojan1_19_g_netlist.v,genus,,1,19,,TROJANED,20,20,964
trojan1_19_g_no_and_netlist.v,genus,,1,19,,TROJANED,20,20,961
trojan1_1_g_netlist.v,genus,,1,1,,TROJANED,23,23,1067
trojan1_1_g_no_and_netlist.v,genus,,1,1,,TROJANED,23,23,1064
trojan1_20_g_netlist.v,genus,,1,20,,TROJANED,21,21,1006
trojan1_20_g_no_and_netlist.v,genus,,1,20,,TROJANED,21,21,1003
trojan1_21_g_netlist.v,genus,,1,21,,TROJANED,21,21,1014
trojan1_21_g_no_and_netlist.v,genus,,1,21,,TROJANED,21,21,1009
trojan1_22_g_netlist.v,genus,,1,22,,TROJANED,22,22,1043
trojan1_22_g_no_and_netlist.v,genus,,1,22,,TROJANED,22,22,1040
trojan1_23_g_netlist.v,genus,,1,23,,TROJANED,23,23,1073
trojan1_23_g_no_and_netlist.v,genus,,1,23,,TROJANED,23,23,1070
trojan1_24_g_netlist.v,genus,,1,24,,TROJANED,19,19,884
trojan1_24_g_no_and_netlist.v,genus,,1,24,,TROJANED,22,22,984
trojan1_2_g_netlist.v,genus,,1,2,,TROJANED,28,28,1267
trojan1_2_g_no_and_netlist.v,genus,,1,2,,TROJANED,28,28,1263
trojan1_3_g_netlist.v,genus,,1,3,,TROJANED,33,33,1476
trojan1_3_g_no_and_netlist.v,genus,,1,3,,TROJANED,33,33,1473
trojan1_4_g_netlist.v,genus,,1,4,,TROJANED,38,38,1680
trojan1_4_g_no_and_netlist.v,genus,,1,4,,TROJANED,38,38,1672
trojan1_5_g_netlist.v,genus,,1,5,,TROJANED,43,43,1889
trojan1_5_g_no_and_netlist.v,genus,,1,5,,TROJANED,43,43,1882
trojan1_6_g_netlist.v,genus,,1,6,,TROJANED,48,48,2089
trojan1_6_g_no_and_netlist.v,genus,,1,6,,TROJANED,48,48,2081
trojan1_7_g_netlist.v,genus,,1,7,,TROJANED,53,53,2303
trojan1_7_g_no_and_netlist.v,genus,,1,7,,TROJANED,53,53,2292
trojan1_8_g_netlist.v,genus,,1,8,,TROJANED,58,58,2501
trojan1_8_g_no_and_netlist.v,genus,,1,8,,TROJANED,58,58,2493
trojan1_9_g_netlist.v,genus,,1,9,,TROJANED,63,63,2720
trojan1_9_g_no_and_netlist.v,genus,,1,9,,TROJANED,63,63,2705
trojan2_0_g_netlist.v,genus,,2,0,,TROJANED,29,29,1444
trojan2_0_g_no_and_netlist.v,genus,,2,0,,TROJANED,30,30,1476
trojan2_10_g_netlist.v,genus,,2,10,,TROJANED,77,77,3631
trojan2_10_g_no_and_netlist.v,genus,,2,10,,TROJANED,78,78,3669
trojan2_11_g_netlist.v,genus,,2,11,,TROJANED,85,85,3985
trojan2_11_g_no_and_netlist.v,genus,,2,11,,TROJANED,86,86,4027
trojan2_12_g_netlist.v,genus,,2,12,,TROJANED,23,23,1232
trojan2_12_g_no_and_netlist.v,genus,,2,12,,TROJANED,24,24,1260
trojan2_13_g_netlist.v,genus,,2,13,,TROJANED,24,24,1272
trojan2_13_g_no_and_netlist.v,genus,,2,13,,TROJANED,25,25,1300
trojan2_14_g_netlist.v,genus,,2,14,,TROJANED,32,32,1612
trojan2_14_g_no_and_netlist.v,genus,,2,14,,TROJANED,33,33,1642
trojan2_15_g_netlist.v,genus,,2,15,,TROJANED,37,37,1855
trojan2_15_g_no_and_netlist.v,genus,,2,15,,TROJANED,38,38,1897
trojan2_16_g_netlist.v,genus,,2,16,,TROJANED,40,40,2037
trojan2_16_g_no_and_netlist.v,genus,,2,16,,TROJANED,41,41,2067
trojan2_17_g_netlist.v,genus,,2,17,,TROJANED,45,45,2279
trojan2_17_g_no_and_netlist.v,genus,,2,17,,TROJANED,46,46,2311
trojan2_18_g_netlist.v,genus,,2,18,,TROJANED,48,48,2451
trojan2_18_g_no_and_netlist.v,genus,,2,18,,TROJANED,49,49,2481
trojan2_19_g_netlist.v,genus,,2,19,,TROJANED,53,53,2695
trojan2_19_g_no_and_netlist.v,genus,,2,19,,TROJANED,54,54,2737
trojan2_1_g_netlist.v,genus,,2,1,,TROJANED,27,27,1382
trojan2_1_g_no_and_netlist.v,genus,,2,1,,TROJANED,27,27,1386
trojan2_20_g_netlist.v,genus,,2,20,,TROJANED,56,56,2879
trojan2_20_g_no_and_netlist.v,genus,,2,20,,TROJANED,57,57,2909
trojan2_21_g_netlist.v,genus,,2,21,,TROJANED,61,61,3123
trojan2_21_g_no_and_netlist.v,genus,,2,21,,TROJANED,62,62,3155
trojan2_22_g_netlist.v,genus,,2,22,,TROJANED,53,53,2581
trojan2_22_g_no_and_netlist.v,genus,,2,22,,TROJANED,53,53,2589
trojan2_23_g_netlist.v,genus,,2,23,,TROJANED,79,79,3785
trojan2_23_g_no_and_netlist.v,genus,,2,23,,TROJANED,79,79,3797
trojan2_24_g_netlist.v,genus,,2,24,,TROJANED,14,14,796
trojan2_24_g_no_and_netlist.v,genus,,2,24,,TROJANED,14,14,796
trojan2_2_g_netlist.v,genus,,2,2,,TROJANED,15,15,826
trojan2_2_g_no_and_netlist.v,genus,,2,2,,TROJANED,16,16,854
trojan2_3_g_netlist.v,genus,,2,3,,TROJANED,21,21,1098
trojan2_3_g_no_and_netlist.v,genus,,2,3,,TROJANED,22,22,1128
trojan2_4_g_netlist.v,genus,,2,4,,TROJANED,35,35,1716
trojan2_4_g_no_and_netlist.v,genus,,2,4,,TROJANED,36,36,1756
trojan2_5_g_netlist.v,genus,,2,5,,TROJANED,43,43,2073
trojan2_5_g_no_and_netlist.v,genus,,2,5,,TROJANED,44,44,2107
trojan2_6_g_netlist.v,genus,,2,6,,TROJANED,49,49,2363
trojan2_6_g_no_and_netlist.v,genus,,2,6,,TROJANED,50,50,2397
trojan2_7_g_netlist.v,genus,,2,7,,TROJANED,57,57,2707
trojan2_7_g_no_and_netlist.v,genus,,2,7,,TROJANED,58,58,2753
trojan2_8_g_netlist.v,genus,,2,8,,TROJANED,63,63,2997
trojan2_8_g_no_and_netlist.v,genus,,2,8,,TROJANED,64,64,3033
trojan2_9_g_netlist.v,genus,,2,9,,TROJANED,71,71,3351
trojan2_9_g_no_and_netlist.v,genus,,2,9,,TROJANED,72,72,3389
trojan3_0_g_netlist.v,genus,,3,0,,TROJANED,121,121,5246
trojan3_0_g_no_and_netlist.v,genus,,3,0,,TROJANED,121,121,5236
trojan3_10_g_netlist.v,genus,,3,10,,TROJANED,187,187,8239
trojan3_10_g_no_and_netlist.v,genus,,3,10,,TROJANED,188,188,8269
trojan3_11_g_netlist.v,genus,,3,11,,TROJANED,197,197,8700
trojan3_11_g_no_and_netlist.v,genus,,3,11,,TROJANED,199,199,8773
trojan3_12_g_netlist.v,genus,,3,12,,TROJANED,207,207,9159
trojan3_12_g_no_and_netlist.v,genus,,3,12,,TROJANED,209,209,9237
trojan3_13_g_netlist.v,genus,,3,13,,TROJANED,73,73,3236
trojan3_13_g_no_and_netlist.v,genus,,3,13,,TROJANED,73,73,3230
trojan3_14_g_netlist.v,genus,,3,14,,TROJANED,85,85,3721
trojan3_14_g_no_and_netlist.v,genus,,3,14,,TROJANED,85,85,3714
trojan3_15_g_netlist.v,genus,,3,15,,TROJANED,97,97,4219
trojan3_15_g_no_and_netlist.v,genus,,3,15,,TROJANED,97,97,4211
trojan3_16_g_netlist.v,genus,,3,16,,TROJANED,109,109,4723
trojan3_16_g_no_and_netlist.v,genus,,3,16,,TROJANED,109,109,4714
trojan3_17_g_netlist.v,genus,,3,17,,TROJANED,133,133,5788
trojan3_17_g_no_and_netlist.v,genus,,3,17,,TROJANED,133,133,5775
trojan3_18_g_netlist.v,genus,,3,18,,TROJANED,145,145,6329
trojan3_18_g_no_and_netlist.v,genus,,3,18,,TROJANED,145,145,6314
trojan3_19_g_netlist.v,genus,,3,19,,TROJANED,157,157,6871
trojan3_19_g_no_and_netlist.v,genus,,3,19,,TROJANED,157,157,6854
trojan3_1_g_netlist.v,genus,,3,1,,TROJANED,132,132,5667
trojan3_1_g_no_and_netlist.v,genus,,3,1,,TROJANED,132,132,5669
trojan3_20_g_netlist.v,genus,,3,20,,TROJANED,169,169,7424
trojan3_20_g_no_and_netlist.v,genus,,3,20,,TROJANED,169,169,7403
trojan3_21_g_netlist.v,genus,,3,21,,TROJANED,105,105,4630
trojan3_21_g_no_and_netlist.v,genus,,3,21,,TROJANED,105,105,4620
trojan3_22_g_netlist.v,genus,,3,22,,TROJANED,201,201,8967
trojan3_22_g_no_and_netlist.v,genus,,3,22,,TROJANED,201,201,8900
trojan3_23_g_netlist.v,genus,,3,23,,TROJANED,159,159,6990
trojan3_23_g_no_and_netlist.v,genus,,3,23,,TROJANED,161,161,7075
trojan3_24_g_netlist.v,genus,,3,24,,TROJANED,255,255,11329
trojan3_24_g_no_and_netlist.v,genus,,3,24,,TROJANED,257,257,11399
trojan3_2_g_netlist.v,genus,,3,2,,TROJANED,130,130,5619
trojan3_2_g_no_and_netlist.v,genus,,3,2,,TROJANED,130,130,5611
trojan3_3_g_netlist.v,genus,,3,3,,TROJANED,105,105,4534
trojan3_3_g_no_and_netlist.v,genus,,3,3,,TROJANED,105,105,4526
trojan3_4_g_netlist.v,genus,,3,4,,TROJANED,114,114,4926
trojan3_4_g_no_and_netlist.v,genus,,3,4,,TROJANED,113,113,4890
trojan3_5_g_netlist.v,genus,,3,5,,TROJANED,130,130,5653
trojan3_5_g_no_and_netlist.v,genus,,3,5,,TROJANED,129,129,5610
trojan3_6_g_netlist.v,genus,,3,6,,TROJANED,137,137,5990
trojan3_6_g_no_and_netlist.v,genus,,3,6,,TROJANED,137,137,5977
trojan3_7_g_netlist.v,genus,,3,7,,TROJANED,146,146,6415
trojan3_7_g_no_and_netlist.v,genus,,3,7,,TROJANED,145,145,6368
trojan3_8_g_netlist.v,genus,,3,8,,TROJANED,153,153,6750
trojan3_8_g_no_and_netlist.v,genus,,3,8,,TROJANED,153,153,6733
trojan3_9_g_netlist.v,genus,,3,9,,TROJANED,177,177,7778
trojan3_9_g_no_and_netlist.v,genus,,3,9,,TROJANED,179,179,7852
trojan4_0_g_netlist.v,genus,,4,0,,TROJANED,148,148,8167
trojan4_0_g_no_and_netlist.v,genus,,4,0,,TROJANED,148,148,8167
trojan4_10_g_netlist.v,genus,,4,10,,TROJANED,164,164,9291
trojan4_10_g_no_and_netlist.v,genus,,4,10,,TROJANED,164,164,9291
trojan4_11_g_netlist.v,genus,,4,11,,TROJANED,52,52,3049
trojan4_11_g_no_and_netlist.v,genus,,4,11,,TROJANED,52,52,3049
trojan4_12_g_netlist.v,genus,,4,12,,TROJANED,60,60,3593
trojan4_12_g_no_and_netlist.v,genus,,4,12,,TROJANED,60,60,3593
trojan4_13_g_netlist.v,genus,,4,13,,TROJANED,84,84,4739
trojan4_13_g_no_and_netlist.v,genus,,4,13,,TROJANED,84,84,4739
trojan4_14_g_netlist.v,genus,,4,14,,TROJANED,92,92,5283
trojan4_14_g_no_and_netlist.v,genus,,4,14,,TROJANED,92,92,5283
trojan4_15_g_netlist.v,genus,,4,15,,TROJANED,116,116,6445
trojan4_15_g_no_and_netlist.v,genus,,4,15,,TROJANED,116,116,6445
trojan4_16_g_netlist.v,genus,,4,16,,TROJANED,124,124,6997
trojan4_16_g_no_and_netlist.v,genus,,4,16,,TROJANED,124,124,6997
trojan4_17_g_netlist.v,genus,,4,17,,TROJANED,156,156,8719
trojan4_17_g_no_and_netlist.v,genus,,4,17,,TROJANED,156,156,8719
trojan4_18_g_netlist.v,genus,,4,18,,TROJANED,180,180,9889
trojan4_18_g_no_and_netlist.v,genus,,4,18,,TROJANED,180,180,9889
trojan4_19_g_netlist.v,genus,,4,19,,TROJANED,188,188,10441
trojan4_19_g_no_and_netlist.v,genus,,4,19,,TROJANED,188,188,10441
trojan4_1_g_netlist.v,genus,,4,1,,TROJANED,148,148,8167
trojan4_1_g_no_and_netlist.v,genus,,4,1,,TROJANED,148,148,8167
trojan4_20_g_netlist.v,genus,,4,20,,TROJANED,212,212,11737
trojan4_20_g_no_and_netlist.v,genus,,4,20,,TROJANED,212,212,11737
trojan4_21_g_netlist.v,genus,,4,21,,TROJANED,220,220,12309
trojan4_21_g_no_and_netlist.v,genus,,4,21,,TROJANED,220,220,12309
trojan4_22_g_netlist.v,genus,,4,22,,TROJANED,244,244,13551
trojan4_22_g_no_and_netlist.v,genus,,4,22,,TROJANED,244,244,13551
trojan4_23_g_netlist.v,genus,,4,23,,TROJANED,252,252,14127
trojan4_23_g_no_and_netlist.v,genus,,4,23,,TROJANED,252,252,14127
trojan4_24_g_netlist.v,genus,,4,24,,TROJANED,276,276,15369
trojan4_24_g_no_and_netlist.v,genus,,4,24,,TROJANED,276,276,15369
trojan4_2_g_netlist.v,genus,,4,2,,TROJANED,148,148,8167
trojan4_2_g_no_and_netlist.v,genus,,4,2,,TROJANED,148,148,8167
trojan4_3_g_netlist.v,genus,,4,3,,TROJANED,150,150,8313
trojan4_3_g_no_and_netlist.v,genus,,4,3,,TROJANED,150,150,8313
trojan4_4_g_netlist.v,genus,,4,4,,TROJANED,152,152,8459
trojan4_4_g_no_and_netlist.v,genus,,4,4,,TROJANED,152,152,8459
trojan4_5_g_netlist.v,genus,,4,5,,TROJANED,154,154,8605
trojan4_5_g_no_and_netlist.v,genus,,4,5,,TROJANED,154,154,8605
trojan4_6_g_netlist.v,genus,,4,6,,TROJANED,156,156,8751
trojan4_6_g_no_and_netlist.v,genus,,4,6,,TROJANED,156,156,8751
trojan4_7_g_netlist.v,genus,,4,7,,TROJANED,158,158,8897
trojan4_7_g_no_and_netlist.v,genus,,4,7,,TROJANED,158,158,8897
trojan4_8_g_netlist.v,genus,,4,8,,TROJANED,160,160,9035
trojan4_8_g_no_and_netlist.v,genus,,4,8,,TROJANED,160,160,9035
trojan4_9_g_netlist.v,genus,,4,9,,TROJANED,162,162,9173
trojan4_9_g_no_and_netlist.v,genus,,4,9,,TROJANED,162,162,9173
trojan5_0_g_netlist.v,genus,,5,0,,TROJANED,40,40,1578
trojan5_0_g_no_and_netlist.v,genus,,5,0,,TROJANED,41,41,1613
trojan5_10_g_netlist.v,genus,,5,10,,TROJANED,40,40,1578
trojan5_10_g_no_and_netlist.v,genus,,5,10,,TROJANED,41,41,1613
trojan5_11_g_netlist.v,genus,,5,11,,TROJANED,40,40,1578
trojan5_11_g_no_and_netlist.v,genus,,5,11,,TROJANED,41,41,1613
trojan5_12_g_netlist.v,genus,,5,12,,TROJANED,40,40,1578
trojan5_12_g_no_and_netlist.v,genus,,5,12,,TROJANED,41,41,1613
trojan5_13_g_netlist.v,genus,,5,13,,TROJANED,22,22,943
trojan5_13_g_no_and_netlist.v,genus,,5,13,,TROJANED,23,23,983
trojan5_14_g_netlist.v,genus,,5,14,,TROJANED,28,28,1154
trojan5_14_g_no_and_netlist.v,genus,,5,14,,TROJANED,29,29,1188
trojan5_15_g_netlist.v,genus,,5,15,,TROJANED,34,34,1361
trojan5_15_g_no_and_netlist.v,genus,,5,15,,TROJANED,35,35,1402
trojan5_16_g_netlist.v,genus,,5,16,,TROJANED,46,46,1785
trojan5_16_g_no_and_netlist.v,genus,,5,16,,TROJANED,47,47,1827
trojan5_17_g_netlist.v,genus,,5,17,,TROJANED,52,52,2002
trojan5_17_g_no_and_netlist.v,genus,,5,17,,TROJANED,53,53,2038
trojan5_18_g_netlist.v,genus,,5,18,,TROJANED,58,58,2209
trojan5_18_g_no_and_netlist.v,genus,,5,18,,TROJANED,59,59,2252
trojan5_19_g_netlist.v,genus,,5,19,,TROJANED,64,64,2426
trojan5_19_g_no_and_netlist.v,genus,,5,19,,TROJANED,65,65,2463
trojan5_1_g_netlist.v,genus,,5,1,,TROJANED,40,40,1575
trojan5_1_g_no_and_netlist.v,genus,,5,1,,TROJANED,42,42,1641
trojan5_20_g_netlist.v,genus,,5,20,,TROJANED,70,70,2633
trojan5_20_g_no_and_netlist.v,genus,,5,20,,TROJANED,71,71,2677
trojan5_21_g_netlist.v,genus,,5,21,,TROJANED,39,39,1536
trojan5_21_g_no_and_netlist.v,genus,,5,21,,TROJANED,39,39,1541
trojan5_22_g_netlist.v,genus,,5,22,,TROJANED,41,41,1614
trojan5_22_g_no_and_netlist.v,genus,,5,22,,TROJANED,42,42,1648
trojan5_23_g_netlist.v,genus,,5,23,,TROJANED,41,41,1612
trojan5_23_g_no_and_netlist.v,genus,,5,23,,TROJANED,42,42,1646
trojan5_24_g_netlist.v,genus,,5,24,,TROJANED,41,41,1615
trojan5_24_g_no_and_netlist.v,genus,,5,24,,TROJANED,42,42,1649
trojan5_2_g_netlist.v,genus,,5,2,,TROJANED,40,40,1573
trojan5_2_g_no_and_netlist.v,genus,,5,2,,TROJANED,41,41,1606
trojan5_3_g_netlist.v,genus,,5,3,,TROJANED,43,43,1679
trojan5_3_g_no_and_netlist.v,genus,,5,3,,TROJANED,44,44,1711
trojan5_4_g_netlist.v,genus,,5,4,,TROJANED,44,44,1720
trojan5_4_g_no_and_netlist.v,genus,,5,4,,TROJANED,45,45,1753
trojan5_5_g_netlist.v,genus,,5,5,,TROJANED,40,40,1570
trojan5_5_g_no_and_netlist.v,genus,,5,5,,TROJANED,41,41,1605
trojan5_6_g_netlist.v,genus,,5,6,,TROJANED,40,40,1570
trojan5_6_g_no_and_netlist.v,genus,,5,6,,TROJANED,41,41,1605
trojan5_7_g_netlist.v,genus,,5,7,,TROJANED,40,40,1576
trojan5_7_g_no_and_netlist.v,genus,,5,7,,TROJANED,41,41,1611
trojan5_8_g_netlist.v,genus,,5,8,,TROJANED,40,40,1578
trojan5_8_g_no_and_netlist.v,genus,,5,8,,TROJANED,41,41,1613
trojan5_9_g_netlist.v,genus,,5,9,,TROJANED,40,40,1578
trojan5_9_g_no_and_netlist.v,genus,,5,9,,TROJANED,41,41,1613
trojan6_0_g_netlist.v,genus,,6,0,,TROJANED,42,42,1617
trojan6_0_g_no_and_netlist.v,genus,,6,0,,TROJANED,42,42,1625
trojan6_10_g_netlist.v,genus,,6,10,,TROJANED,62,62,2388
trojan6_10_g_no_and_netlist.v,genus,,6,10,,TROJANED,63,63,2430
trojan6_11_g_netlist.v,genus,,6,11,,TROJANED,66,66,2539
trojan6_11_g_no_and_netlist.v,genus,,6,11,,TROJANED,67,67,2589
trojan6_12_g_netlist.v,genus,,6,12,,TROJANED,69,69,2669
trojan6_12_g_no_and_netlist.v,genus,,6,12,,TROJANED,69,69,2673
trojan6_13_g_netlist.v,genus,,6,13,,TROJANED,73,73,2816
trojan6_13_g_no_and_netlist.v,genus,,6,13,,TROJANED,73,73,2826
trojan6_14_g_netlist.v,genus,,6,14,,TROJANED,84,84,3185
trojan6_14_g_no_and_netlist.v,genus,,6,14,,TROJANED,84,84,3199
trojan6_15_g_netlist.v,genus,,6,15,,TROJANED,42,42,1652
trojan6_15_g_no_and_netlist.v,genus,,6,15,,TROJANED,42,42,1660
trojan6_16_g_netlist.v,genus,,6,16,,TROJANED,42,42,1652
trojan6_16_g_no_and_netlist.v,genus,,6,16,,TROJANED,42,42,1660
trojan6_17_g_netlist.v,genus,,6,17,,TROJANED,42,42,1652
trojan6_17_g_no_and_netlist.v,genus,,6,17,,TROJANED,42,42,1660
trojan6_18_g_netlist.v,genus,,6,18,,TROJANED,42,42,1652
trojan6_18_g_no_and_netlist.v,genus,,6,18,,TROJANED,42,42,1660
trojan6_19_g_netlist.v,genus,,6,19,,TROJANED,42,42,1652
trojan6_19_g_no_and_netlist.v,genus,,6,19,,TROJANED,42,42,1660
trojan6_1_g_netlist.v,genus,,6,1,,TROJANED,43,43,1655
trojan6_1_g_no_and_netlist.v,genus,,6,1,,TROJANED,43,43,1663
trojan6_20_g_netlist.v,genus,,6,20,,TROJANED,42,42,1652
trojan6_20_g_no_and_netlist.v,genus,,6,20,,TROJANED,42,42,1660
trojan6_21_g_netlist.v,genus,,6,21,,TROJANED,76,76,2959
trojan6_21_g_no_and_netlist.v,genus,,6,21,,TROJANED,88,88,3322
trojan6_22_g_netlist.v,genus,,6,22,,TROJANED,37,37,1472
trojan6_22_g_no_and_netlist.v,genus,,6,22,,TROJANED,37,37,1472
trojan6_23_g_netlist.v,genus,,6,23,,TROJANED,39,39,1529
trojan6_23_g_no_and_netlist.v,genus,,6,23,,TROJANED,39,39,1541
trojan6_24_g_netlist.v,genus,,6,24,,TROJANED,43,43,1658
trojan6_24_g_no_and_netlist.v,genus,,6,24,,TROJANED,43,43,1665
trojan6_2_g_netlist.v,genus,,6,2,,TROJANED,47,47,1772
trojan6_2_g_no_and_netlist.v,genus,,6,2,,TROJANED,47,47,1786
trojan6_3_g_netlist.v,genus,,6,3,,TROJANED,22,22,923
trojan6_3_g_no_and_netlist.v,genus,,6,3,,TROJANED,22,22,929
trojan6_4_g_netlist.v,genus,,6,4,,TROJANED,27,27,1110
trojan6_4_g_no_and_netlist.v,genus,,6,4,,TROJANED,27,27,1114
trojan6_5_g_netlist.v,genus,,6,5,,TROJANED,30,30,1230
trojan6_5_g_no_and_netlist.v,genus,,6,5,,TROJANED,30,30,1230
trojan6_6_g_netlist.v,genus,,6,6,,TROJANED,36,36,1445
trojan6_6_g_no_and_netlist.v,genus,,6,6,,TROJANED,37,37,1481
trojan6_7_g_netlist.v,genus,,6,7,,TROJANED,45,45,1780
trojan6_7_g_no_and_netlist.v,genus,,6,7,,TROJANED,45,45,1788
trojan6_8_g_netlist.v,genus,,6,8,,TROJANED,53,53,2054
trojan6_8_g_no_and_netlist.v,genus,,6,8,,TROJANED,53,53,2062
trojan6_9_g_netlist.v,genus,,6,9,,TROJANED,57,57,2202
trojan6_9_g_no_and_netlist.v,genus,,6,9,,TROJANED,58,58,2246
trojan7_0_g_netlist.v,genus,,7,0,,TROJANED,67,67,2650
trojan7_0_g_no_and_netlist.v,genus,,7,0,,TROJANED,69,69,2722
trojan7_10_g_netlist.v,genus,,7,10,,TROJANED,104,104,4085
trojan7_10_g_no_and_netlist.v,genus,,7,10,,TROJANED,106,106,4165
trojan7_11_g_netlist.v,genus,,7,11,,TROJANED,132,132,5104
trojan7_11_g_no_and_netlist.v,genus,,7,11,,TROJANED,133,133,5172
trojan7_12_g_netlist.v,genus,,7,12,,TROJANED,123,123,4859
trojan7_12_g_no_and_netlist.v,genus,,7,12,,TROJANED,125,125,4957
trojan7_13_g_netlist.v,genus,,7,13,,TROJANED,127,127,5064
trojan7_13_g_no_and_netlist.v,genus,,7,13,,TROJANED,130,130,5178
trojan7_14_g_netlist.v,genus,,7,14,,TROJANED,135,135,5404
trojan7_14_g_no_and_netlist.v,genus,,7,14,,TROJANED,140,140,5576
trojan7_15_g_netlist.v,genus,,7,15,,TROJANED,67,67,2685
trojan7_15_g_no_and_netlist.v,genus,,7,15,,TROJANED,69,69,2757
trojan7_16_g_netlist.v,genus,,7,16,,TROJANED,67,67,2685
trojan7_16_g_no_and_netlist.v,genus,,7,16,,TROJANED,69,69,2757
trojan7_17_g_netlist.v,genus,,7,17,,TROJANED,67,67,2685
trojan7_17_g_no_and_netlist.v,genus,,7,17,,TROJANED,69,69,2757
trojan7_18_g_netlist.v,genus,,7,18,,TROJANED,67,67,2685
trojan7_18_g_no_and_netlist.v,genus,,7,18,,TROJANED,69,69,2757
trojan7_19_g_netlist.v,genus,,7,19,,TROJANED,67,67,2685
trojan7_19_g_no_and_netlist.v,genus,,7,19,,TROJANED,69,69,2757
trojan7_1_g_netlist.v,genus,,7,1,,TROJANED,67,67,2650
trojan7_1_g_no_and_netlist.v,genus,,7,1,,TROJANED,69,69,2722
trojan7_20_g_netlist.v,genus,,7,20,,TROJANED,67,67,2685
trojan7_20_g_no_and_netlist.v,genus,,7,20,,TROJANED,69,69,2757
trojan7_21_g_netlist.v,genus,,7,21,,TROJANED,65,65,2578
trojan7_21_g_no_and_netlist.v,genus,,7,21,,TROJANED,66,66,2616
trojan7_22_g_netlist.v,genus,,7,22,,TROJANED,66,66,2615
trojan7_22_g_no_and_netlist.v,genus,,7,22,,TROJANED,68,68,2691
trojan7_23_g_netlist.v,genus,,7,23,,TROJANED,68,68,2683
trojan7_23_g_no_and_netlist.v,genus,,7,23,,TROJANED,69,69,2721
trojan7_24_g_netlist.v,genus,,7,24,,TROJANED,69,69,2718
trojan7_24_g_no_and_netlist.v,genus,,7,24,,TROJANED,70,70,2756
trojan7_2_g_netlist.v,genus,,7,2,,TROJANED,65,65,2578
trojan7_2_g_no_and_netlist.v,genus,,7,2,,TROJANED,66,66,2616
trojan7_3_g_netlist.v,genus,,7,3,,TROJANED,37,37,1528
trojan7_3_g_no_and_netlist.v,genus,,7,3,,TROJANED,39,39,1598
trojan7_4_g_netlist.v,genus,,7,4,,TROJANED,43,43,1767
trojan7_4_g_no_and_netlist.v,genus,,7,4,,TROJANED,45,45,1839
trojan7_5_g_netlist.v,genus,,7,5,,TROJANED,52,52,2102
trojan7_5_g_no_and_netlist.v,genus,,7,5,,TROJANED,54,54,2174
trojan7_6_g_netlist.v,genus,,7,6,,TROJANED,59,59,2377
trojan7_6_g_no_and_netlist.v,genus,,7,6,,TROJANED,61,61,2453
trojan7_7_g_netlist.v,genus,,7,7,,TROJANED,92,92,3503
trojan7_7_g_no_and_netlist.v,genus,,7,7,,TROJANED,94,94,3587
trojan7_8_g_netlist.v,genus,,7,8,,TROJANED,83,83,3298
trojan7_8_g_no_and_netlist.v,genus,,7,8,,TROJANED,85,85,3370
trojan7_9_g_netlist.v,genus,,7,9,,TROJANED,92,92,3632
trojan7_9_g_no_and_netlist.v,genus,,7,9,,TROJANED,94,94,3714
trojan8_0_g_netlist.v,genus,,8,0,,TROJANED,5083,5083,224399
trojan8_0_g_no_and_netlist.v,genus,,8,0,,TROJANED,4949,4949,219163
trojan8_10_g_netlist.v,genus,,8,10,,TROJANED,62,62,2288
trojan8_10_g_no_and_netlist.v,genus,,8,10,,TROJANED,64,64,2339
trojan8_11_g_netlist.v,genus,,8,11,,TROJANED,19,19,761
trojan8_11_g_no_and_netlist.v,genus,,8,11,,TROJANED,18,18,732
trojan8_12_g_netlist.v,genus,,8,12,,TROJANED,62,62,2284
trojan8_12_g_no_and_netlist.v,genus,,8,12,,TROJANED,65,65,2363
trojan8_13_g_netlist.v,genus,,8,13,,TROJANED,58,58,2162
trojan8_13_g_no_and_netlist.v,genus,,8,13,,TROJANED,57,57,2115
trojan8_14_g_netlist.v,genus,,8,14,,TROJANED,115,115,4216
trojan8_14_g_no_and_netlist.v,genus,,8,14,,TROJANED,116,116,4252
trojan8_15_g_netlist.v,genus,,8,15,,TROJANED,19,19,748
trojan8_15_g_no_and_netlist.v,genus,,8,15,,TROJANED,20,20,766
trojan8_16_g_netlist.v,genus,,8,16,,TROJANED,5033,5033,222024
trojan8_16_g_no_and_netlist.v,genus,,8,16,,TROJANED,4861,4861,215136
trojan8_17_g_netlist.v,genus,,8,17,,TROJANED,5118,5118,225895
trojan8_17_g_no_and_netlist.v,genus,,8,17,,TROJANED,5022,5022,222487
trojan8_18_g_netlist.v,genus,,8,18,,TROJANED,45,45,1770
trojan8_18_g_no_and_netlist.v,genus,,8,18,,TROJANED,44,44,1740
trojan8_19_g_netlist.v,genus,,8,19,,TROJANED,482,482,18978
trojan8_19_g_no_and_netlist.v,genus,,8,19,,TROJANED,457,457,18139
trojan8_1_g_netlist.v,genus,,8,1,,TROJANED,14,14,560
trojan8_1_g_no_and_netlist.v,genus,,8,1,,TROJANED,13,13,533
trojan8_20_g_netlist.v,genus,,8,20,,TROJANED,486,486,19368
trojan8_20_g_no_and_netlist.v,genus,,8,20,,TROJANED,482,482,19239
trojan8_21_g_netlist.v,genus,,8,21,,TROJANED,1016,1016,40612
trojan8_21_g_no_and_netlist.v,genus,,8,21,,TROJANED,975,975,39091
trojan8_22_g_netlist.v,genus,,8,22,,TROJANED,1784,1784,75284
trojan8_22_g_no_and_netlist.v,genus,,8,22,,TROJANED,1686,1686,71237
trojan8_23_g_netlist.v,genus,,8,23,,TROJANED,3622,3622,157615
trojan8_23_g_no_and_netlist.v,genus,,8,23,,TROJANED,3491,3491,152516
trojan8_24_g_netlist.v,genus,,8,24,,TROJANED,3632,3632,158534
trojan8_24_g_no_and_netlist.v,genus,,8,24,,TROJANED,3496,3496,153420
trojan8_2_g_netlist.v,genus,,8,2,,TROJANED,16,16,639
trojan8_2_g_no_and_netlist.v,genus,,8,2,,TROJANED,17,17,665
trojan8_3_g_netlist.v,genus,,8,3,,TROJANED,19,19,761
trojan8_3_g_no_and_netlist.v,genus,,8,3,,TROJANED,18,18,732
trojan8_4_g_netlist.v,genus,,8,4,,TROJANED,19,19,761
trojan8_4_g_no_and_netlist.v,genus,,8,4,,TROJANED,18,18,732
trojan8_5_g_netlist.v,genus,,8,5,,TROJANED,62,62,2284
trojan8_5_g_no_and_netlist.v,genus,,8,5,,TROJANED,65,65,2363
trojan8_6_g_netlist.v,genus,,8,6,,TROJANED,58,58,2180
trojan8_6_g_no_and_netlist.v,genus,,8,6,,TROJANED,58,58,2185
trojan8_7_g_netlist.v,genus,,8,7,,TROJANED,55,55,2045
trojan8_7_g_no_and_netlist.v,genus,,8,7,,TROJANED,56,56,2075
trojan8_8_g_netlist.v,genus,,8,8,,TROJANED,122,122,4485
trojan8_8_g_no_and_netlist.v,genus,,8,8,,TROJANED,127,127,4656
trojan8_9_g_netlist.v,genus,,8,9,,TROJANED,122,122,4487
trojan8_9_g_no_and_netlist.v,genus,,8,9,,TROJANED,127,127,4658
trojan9_0_g_netlist.v,genus,,9,0,,TROJANED,1985,1985,84529
trojan9_0_g_no_and_netlist.v,genus,,9,0,,TROJANED,1928,1928,82322
trojan9_10_g_netlist.v,genus,,9,10,,TROJANED,548,548,21944
trojan9_10_g_no_and_netlist.v,genus,,9,10,,TROJANED,544,544,21847
trojan9_11_g_netlist.v,genus,,9,11,,TROJANED,545,545,21869
trojan9_11_g_no_and_netlist.v,genus,,9,11,,TROJANED,543,543,21770
trojan9_12_g_netlist.v,genus,,9,12,,TROJANED,595,595,23859
trojan9_12_g_no_and_netlist.v,genus,,9,12,,TROJANED,592,592,23752
trojan9_13_g_netlist.v,genus,,9,13,,TROJANED,1198,1198,49127
trojan9_13_g_no_and_netlist.v,genus,,9,13,,TROJANED,1180,1180,48419
trojan9_14_g_netlist.v,genus,,9,14,,TROJANED,758,758,30464
trojan9_14_g_no_and_netlist.v,genus,,9,14,,TROJANED,750,750,30258
trojan9_15_g_netlist.v,genus,,9,15,,TROJANED,929,929,37554
trojan9_15_g_no_and_netlist.v,genus,,9,15,,TROJANED,906,906,36730
trojan9_16_g_netlist.v,genus,,9,16,,TROJANED,1631,1631,68759
trojan9_16_g_no_and_netlist.v,genus,,9,16,,TROJANED,1609,1609,67888
trojan9_17_g_netlist.v,genus,,9,17,,TROJANED,2030,2030,86609
trojan9_17_g_no_and_netlist.v,genus,,9,17,,TROJANED,1990,1990,85024
trojan9_18_g_netlist.v,genus,,9,18,,TROJANED,3174,3174,138638
trojan9_18_g_no_and_netlist.v,genus,,9,18,,TROJANED,2992,2992,130495
trojan9_19_g_netlist.v,genus,,9,19,,TROJANED,3386,3386,148414
trojan9_19_g_no_and_netlist.v,genus,,9,19,,TROJANED,3392,3392,148525
trojan9_1_g_netlist.v,genus,,9,1,,TROJANED,561,561,22328
trojan9_1_g_no_and_netlist.v,genus,,9,1,,TROJANED,553,553,22045
trojan9_20_g_netlist.v,genus,,9,20,,TROJANED,511,511,20451
trojan9_20_g_no_and_netlist.v,genus,,9,20,,TROJANED,515,515,20529
trojan9_21_g_netlist.v,genus,,9,21,,TROJANED,6814,6814,304270
trojan9_21_g_no_and_netlist.v,genus,,9,21,,TROJANED,6866,6866,305971
trojan9_22_g_netlist.v,genus,,9,22,,TROJANED,2047,2047,87273
trojan9_22_g_no_and_netlist.v,genus,,9,22,,TROJANED,1984,1984,84839
trojan9_23_g_netlist.v,genus,,9,23,,TROJANED,2067,2067,88166
trojan9_23_g_no_and_netlist.v,genus,,9,23,,TROJANED,2006,2006,85775
trojan9_24_g_netlist.v,genus,,9,24,,TROJANED,2070,2070,88316
trojan9_24_g_no_and_netlist.v,genus,,9,24,,TROJANED,2004,2004,85730
trojan9_2_g_netlist.v,genus,,9,2,,TROJANED,920,920,36657
trojan9_2_g_no_and_netlist.v,genus,,9,2,,TROJANED,866,866,34769
trojan9_3_g_netlist.v,genus,,9,3,,TROJANED,306,306,11982
trojan9_3_g_no_and_netlist.v,genus,,9,3,,TROJANED,303,303,11893
trojan9_4_g_netlist.v,genus,,9,4,,TROJANED,1897,1897,80235
trojan9_4_g_no_and_netlist.v,genus,,9,4,,TROJANED,1877,1877,79661
trojan9_5_g_netlist.v,genus,,9,5,,TROJANED,1541,1541,64553
trojan9_5_g_no_and_netlist.v,genus,,9,5,,TROJANED,1510,1510,63410
trojan9_6_g_netlist.v,genus,,9,6,,TROJANED,1568,1568,65777
trojan9_6_g_no_and_netlist.v,genus,,9,6,,TROJANED,1542,1542,64746
trojan9_7_g_netlist.v,genus,,9,7,,TROJANED,1544,1544,64832
trojan9_7_g_no_and_netlist.v,genus,,9,7,,TROJANED,1539,1539,64628
trojan9_8_g_netlist.v,genus,,9,8,,TROJANED,1578,1578,66285
trojan9_8_g_no_and_netlist.v,genus,,9,8,,TROJANED,1553,1553,65344
trojan9_9_g_netlist.v,genus,,9,9,,TROJANED,1780,1780,75361
trojan9_9_g_no_and_netlist.v,genus,,9,9,,TROJANED,1728,1728,73338
design0.v,augmentation,,,,,TROJANED,3041,71,139811
design0_0.1_0_netlist.v,augmentation,design0,,0,0.1,TROJANED,3470,78,161159
design0_0.2_0_netlist.v,augmentation,design0,,0,0.2,TROJANED,3888,79,176714
design1.v,augmentation,,,,,TROJANED,1660,24,71684
design10.v,augmentation,,,,,TROJANED,567,25,29421
design10_0.1_0_netlist.v,augmentation,design10,,0,0.1,TROJANED,629,25,32245
design10_0.2_0_netlist.v,augmentation,design10,,0,0.2,TROJANED,712,29,35171
design11.v,augmentation,,,,,TROJANED,2166,42,103435
design11_0.1_0_netlist.v,augmentation,design11,,0,0.1,TROJANED,2382,45,114581
design11_0.2_0_netlist.v,augmentation,design11,,0,0.2,TROJANED,2655,54,124610
design12.v,augmentation,,,,,TROJANED,448,52,20660
design12_0.1_0_netlist.v,augmentation,design12,,0,0.1,TROJANED,498,52,22927
design12_0.2_0_netlist.v,augmentation,design12,,0,0.2,TROJANED,580,68,25721
design13.v,augmentation,,,,,TROJANED,579,71,25531
design13_0.1_0_netlist.v,augmentation,design13,,0,0.1,TROJANED,639,74,28227
design13_0.2_0_netlist.v,augmentation,design13,,0,0.2,TROJANED,714,84,30720
design14.v,augmentation,,,,,TROJANED,6917,5125,313923
design14_0.1_0_netlist.v,augmentation,design14,,0,0.1,TROJANED,7955,5940,364867
design14_0.2_0_netlist.v,augmentation,design14,,0,0.2,TROJANED,8970,6738,403228
design15.v,augmentation,,,,,TROJANED,548,128,24350
design15_0.1_0_netlist.v,augmentation,design15,,0,0.1,TROJANED,596,142,26687
design15_0.2_0_netlist.v,augmentation,design15,,0,0.2,TROJANED,665,155,28962
design16.v,augmentation,,,,,TROJANED,3014,2003,134472
design16_0.1_0_netlist.v,augmentation,design16,,0,0.1,TROJANED,3427,2311,155013
design16_0.2_0_netlist.v,augmentation,design16,,0,0.2,TROJANED,3863,2655,171409
design17.v,augmentation,,,,,TROJANED,503,22,21541
design17_0.1_0_netlist.v,augmentation,design17,,0,0.1,TROJANED,547,24,23603
design17_0.2_0_netlist.v,augmentation,design17,,0,0.2,TROJANED,606,24,25552
design18.v,augmentation,,,,,TROJANED,241,65,10356
design18_0.1_0_netlist.v,augmentation,design18,,0,0.1,TROJANED,267,76,11488
design18_0.2_0_netlist.v,augmentation,design18,,0,0.2,TROJANED,286,75,12151
design19.v,augmentation,,,,,TROJANED,2458,85,119583
design19_0.1_0_netlist.v,augmentation,design19,,0,0.1,TROJANED,2738,92,133598
design19_0.2_0_netlist.v,augmentation,design19,,0,0.2,TROJANED,3018,112,143962
design1_0.1_0_netlist.v,augmentation,design1,,0,0.1,TROJANED,1886,26,83022
design1_0.2_0_netlist.v,augmentation,design1,,0,0.2,TROJANED,2145,25,92801
design2.v,augmentation,,,,,TROJANED,325,25,14038
design20.v,augmentation,,,,,UNLABELLED,2808,0,132232
design20_0.1_0_netlist.v,augmentation,design20,,0,0.1,UNLABELLED,3128,0,148362
design20_0.2_0_netlist.v,augmentation,design20,,0,0.2,UNLABELLED,3422,0,159096
design21.v,augmentation,,,,,UNLABELLED,4058,0,194767
design21_0.1_0_netlist.v,augmentation,design21,,0,0.1,UNLABELLED,4537,0,218873
design21_0.2_0_netlist.v,augmentation,design21,,0,0.2,UNLABELLED,5001,0,235812
design22.v,augmentation,,,,,UNLABELLED,152,0,6235
design22_0.1_0_netlist.v,augmentation,design22,,0,0.1,UNLABELLED,169,0,7023
design22_0.2_0_netlist.v,augmentation,design22,,0,0.2,UNLABELLED,195,0,7871
design23.v,augmentation,,,,,UNLABELLED,2570,0,122784
design23_0.1_0_netlist.v,augmentation,design23,,0,0.1,UNLABELLED,2889,0,138430
design23_0.2_0_netlist.v,augmentation,design23,,0,0.2,UNLABELLED,3159,0,148310
design24.v,augmentation,,,,,UNLABELLED,489,0,22424
design24_0.1_0_netlist.v,augmentation,design24,,0,0.1,UNLABELLED,560,0,25378
design24_0.2_0_netlist.v,augmentation,design24,,0,0.2,UNLABELLED,595,0,26549
design25.v,augmentation,,,,,UNLABELLED,243,0,10771
design25_0.1_0_netlist.v,augmentation,design25,,0,0.1,UNLABELLED,269,0,11925
design25_0.2_0_netlist.v,augmentation,design25,,0,0.2,UNLABELLED,290,0,12615
design26.v,augmentation,,,,,UNLABELLED,2250,0,106965
design26_0.1_0_netlist.v,augmentation,design26,,0,0.1,UNLABELLED,2487,0,119172
design26_0.2_0_netlist.v,augmentation,design26,,0,0.2,UNLABELLED,2764,0,129353
design27.v,augmentation,,,,,UNLABELLED,2435,0,116138
design27_0.1_0_netlist.v,augmentation,design27,,0,0.1,UNLABELLED,2746,0,131319
design27_0.2_0_netlist.v,augmentation,design27,,0,0.2,UNLABELLED,3008,0,140935
design28.v,augmentation,,,,,UNLABELLED,7318,0,327672
design28_0.1_0_netlist.v,augmentation,design28,,0,0.1,UNLABELLED,8450,0,383750
design28_0.2_0_netlist.v,augmentation,design28,,0,0.2,UNLABELLED,9546,0,425556
design29.v,augmentation,,,,,UNLABELLED,2227,0,95976
design29_0.1_0_netlist.v,augmentation,design29,,0,0.1,UNLABELLED,2617,0,114833
design29_0.2_0_netlist.v,augmentation,design29,,0,0.2,UNLABELLED,2924,0,126350
design2_0.1_0_netlist.v,augmentation,design2,,0,0.1,TROJANED,363,26,15712
design2_0.2_0_netlist.v,augmentation,design2,,0,0.2,TROJANED,393,28,16730
design3.v,augmentation,,,,,TROJANED,1479,128,65976
design30.v,augmentation,,,,,TROJANED,3852,69,169105
design30_0.1_0_netlist.v,augmentation,design30,,0,0.1,TROJANED,4286,79,190892
design30_0.2_0_netlist.v,augmentation,design30,,0,0.2,TROJANED,4738,81,207871
design31.v,augmentation,,,,,TROJANED,1933,29,81555
design31_0.1_0_netlist.v,augmentation,design31,,0,0.1,TROJANED,2136,33,92077
design31_0.2_0_netlist.v,augmentation,design31,,0,0.2,TROJANED,2471,32,104862
design32.v,augmentation,,,,,TROJANED,401,33,16611
design32_0.1_0_netlist.v,augmentation,design32,,0,0.1,TROJANED,450,37,18755
design32_0.2_0_netlist.v,augmentation,design32,,0,0.2,TROJANED,466,39,19286
design33.v,augmentation,,,,,TROJANED,1936,190,82581
design33_0.1_0_netlist.v,augmentation,design33,,0,0.1,TROJANED,2155,205,93218
design33_0.2_0_netlist.v,augmentation,design33,,0,0.2,TROJANED,2304,225,98981
design34.v,augmentation,,,,,TROJANED,3375,31,151674
design34_0.1_0_netlist.v,augmentation,design34,,0,0.1,TROJANED,3840,31,174745
design34_0.2_0_netlist.v,augmentation,design34,,0,0.2,TROJANED,4347,31,194300
design35.v,augmentation,,,,,TROJANED,954,65,38947
design35_0.1_0_netlist.v,augmentation,design35,,0,0.1,TROJANED,1064,75,44154
design35_0.2_0_netlist.v,augmentation,design35,,0,0.2,TROJANED,1201,70,49378
design36.v,augmentation,,,,,TROJANED,2870,46,128966
design36_0.1_0_netlist.v,augmentation,design36,,0,0.1,TROJANED,3218,50,146328
design36_0.2_0_netlist.v,augmentation,design36,,0,0.2,TROJANED,3521,57,157680
design37.v,augmentation,,,,,TROJANED,3102,99,136400
design37_0.1_0_netlist.v,augmentation,design37,,0,0.1,TROJANED,3445,109,153312
design37_0.2_0_netlist.v,augmentation,design37,,0,0.2,TROJANED,3747,129,164819
design38.v,augmentation,,,,,TROJANED,94,54,3527
design38_0.1_0_netlist.v,augmentation,design38,,0,0.1,TROJANED,95,55,3655
design38_0.2_0_netlist.v,augmentation,design38,,0,0.2,TROJANED,103,60,3898
design39.v,augmentation,,,,,TROJANED,4958,2413,220311
design39_0.1_0_netlist.v,augmentation,design39,,0,0.1,TROJANED,5576,2767,250835
design39_0.2_0_netlist.v,augmentation,design39,,0,0.2,TROJANED,6144,3045,272368
design3_0.1_0_netlist.v,augmentation,design3,,0,0.1,TROJANED,1644,146,74405
design3_0.2_0_netlist.v,augmentation,design3,,0,0.2,TROJANED,1840,151,81698
design4.v,augmentation,,,,,TROJANED,3002,31,138748
design40.v,augmentation,,,,,TROJANED,679,33,33092
design40_0.1_0_netlist.v,augmentation,design40,,0,0.1,TROJANED,770,37,37065
design40_0.2_0_netlist.v,augmentation,design40,,0,0.2,TROJANED,834,41,39328
design41.v,augmentation,,,,,TROJANED,2544,46,115945
design41_0.1_0_netlist.v,augmentation,design41,,0,0.1,TROJANED,2840,52,130313
design41_0.2_0_netlist.v,augmentation,design41,,0,0.2,TROJANED,3005,61,136480
design42.v,augmentation,,,,,TROJANED,503,52,22523
design42_0.1_0_netlist.v,augmentation,design42,,0,0.1,TROJANED,565,56,25261
design42_0.2_0_netlist.v,augmentation,design42,,0,0.2,TROJANED,602,63,26506
design43.v,augmentation,,,,,TROJANED,715,69,30207
design43_0.1_0_netlist.v,augmentation,design43,,0,0.1,TROJANED,800,80,33835
design43_0.2_0_netlist.v,augmentation,design43,,0,0.2,TROJANED,829,83,34809
design44.v,augmentation,,,,,TROJANED,8145,6029,356893
design44_0.1_0_netlist.v,augmentation,design44,,0,0.1,TROJANED,9156,6809,407056
design44_0.2_0_netlist.v,augmentation,design44,,0,0.2,TROJANED,10263,7711,450779
design45.v,augmentation,,,,,TROJANED,703,190,29696
design45_0.1_0_netlist.v,augmentation,design45,,0,0.1,TROJANED,752,199,32142
design45_0.2_0_netlist.v,augmentation,design45,,0,0.2,TROJANED,836,221,35002
design46.v,augmentation,,,,,TROJANED,3606,2413,155080
design46_0.1_0_netlist.v,augmentation,design46,,0,0.1,TROJANED,4083,2779,178174
design46_0.2_0_netlist.v,augmentation,design46,,0,0.2,TROJANED,4474,3085,193061
design47.v,augmentation,,,,,TROJANED,633,29,25892
design47_0.1_0_netlist.v,augmentation,design47,,0,0.1,TROJANED,698,29,28751
design47_0.2_0_netlist.v,augmentation,design47,,0,0.2,TROJANED,749,30,30440
design48.v,augmentation,,,,,TROJANED,241,65,10355
design48_0.1_0_netlist.v,augmentation,design48,,0,0.1,TROJANED,263,71,11371
design48_0.2_0_netlist.v,augmentation,design48,,0,0.2,TROJANED,281,71,11962
design49.v,augmentation,,,,,TROJANED,2847,99,129608
design49_0.1_0_netlist.v,augmentation,design49,,0,0.1,TROJANED,3173,116,145383
design49_0.2_0_netlist.v,augmentation,design49,,0,0.2,TROJANED,3374,115,152960
design4_0.1_0_netlist.v,augmentation,design4,,0,0.1,TROJANED,3526,31,163930
design4_0.2_0_netlist.v,augmentation,design4,,0,0.2,TROJANED,3935,35,179470
design5.v,augmentation,,,,,TROJANED,801,41,34068
design50.v,augmentation,,,,,UNLABELLED,3659,0,162850
design50_0.1_0_netlist.v,augmentation,design50,,0,0.1,UNLABELLED,3985,0,179496
design50_0.2_0_netlist.v,augmentation,design50,,0,0.2,UNLABELLED,4352,0,193282
design51.v,augmentation,,,,,UNLABELLED,5173,0,233622
design51_0.1_0_netlist.v,augmentation,design51,,0,0.1,UNLABELLED,5721,0,260894
design51_0.2_0_netlist.v,augmentation,design51,,0,0.2,UNLABELLED,6364,0,285263
design52.v,augmentation,,,,,UNLABELLED,177,0,6956
design52_0.1_0_netlist.v,augmentation,design52,,0,0.1,UNLABELLED,198,0,7900
design52_0.2_0_netlist.v,augmentation,design52,,0,0.2,UNLABELLED,210,0,8306
design53.v,augmentation,,,,,UNLABELLED,2981,0,135757
design53_0.1_0_netlist.v,augmentation,design53,,0,0.1,UNLABELLED,3334,0,152969
design53_0.2_0_netlist.v,augmentation,design53,,0,0.2,UNLABELLED,3536,0,160520
design54.v,augmentation,,,,,UNLABELLED,679,0,28914
design54_0.1_0_netlist.v,augmentation,design54,,0,0.1,UNLABELLED,746,0,31900
design54_0.2_0_netlist.v,augmentation,design54,,0,0.2,UNLABELLED,800,0,33666
design55.v,augmentation,,,,,UNLABELLED,289,0,12355
design55_0.1_0_netlist.v,augmentation,design55,,0,0.1,UNLABELLED,311,0,13421
design55_0.2_0_netlist.v,augmentation,design55,,0,0.2,UNLABELLED,329,0,14021
design56.v,augmentation,,,,,UNLABELLED,2628,0,119081
design56_0.1_0_netlist.v,augmentation,design56,,0,0.1,UNLABELLED,2890,0,132586
design56_0.2_0_netlist.v,augmentation,design56,,0,0.2,UNLABELLED,3191,0,143836
design57.v,augmentation,,,,,UNLABELLED,2917,0,132093
design57_0.1_0_netlist.v,augmentation,design57,,0,0.1,UNLABELLED,3219,0,147430
design57_0.2_0_netlist.v,augmentation,design57,,0,0.2,UNLABELLED,3552,0,159934
design58.v,augmentation,,,,,UNLABELLED,7892,0,344625
design58_0.1_0_netlist.v,augmentation,design58,,0,0.1,UNLABELLED,9001,0,399994
design58_0.2_0_netlist.v,augmentation,design58,,0,0.2,UNLABELLED,10090,0,442524
design59.v,augmentation,,,,,UNLABELLED,2628,0,110230
design59_0.1_0_netlist.v,augmentation,design59,,0,0.1,UNLABELLED,2979,0,127833
design59_0.2_0_netlist.v,augmentation,design59,,0,0.2,UNLABELLED,3353,0,142314
design5_0.1_0_netlist.v,augmentation,design5,,0,0.1,TROJANED,926,43,39614
design5_0.2_0_netlist.v,augmentation,design5,,0,0.2,TROJANED,1063,54,44520
design6.v,augmentation,,,,,TROJANED,2683,42,123261
design6_0.1_0_netlist.v,augmentation,design6,,0,0.1,TROJANED,2990,48,138856
design6_0.2_0_netlist.v,augmentation,design6,,0,0.2,TROJANED,3372,52,153027
design7.v,augmentation,,,,,TROJANED,2544,85,116826
design7_0.1_0_netlist.v,augmentation,design7,,0,0.1,TROJANED,2878,102,133240
design7_0.2_0_netlist.v,augmentation,design7,,0,0.2,TROJANED,3174,110,144202
design8.v,augmentation,,,,,TROJANED,83,44,3249
design8_0.1_0_netlist.v,augmentation,design8,,0,0.1,TROJANED,92,50,3602
design8_0.2_0_netlist.v,augmentation,design8,,0,0.2,TROJANED,96,53,3734
design9.v,augmentation,,,,,TROJANED,4188,2002,194230
design9_0.1_0_netlist.v,augmentation,design9,,0,0.1,TROJANED,4753,2308,222531
design9_0.2_0_netlist.v,augmentation,design9,,0,0.2,TROJANED,5418,2670,247235
TjFree_aes_0.2_0_netlist.v,trojan_free,aes,,0,0.2,NO_TROJAN,2796,0,129985
TjFree_aes_g_0.2_0_netlist.v,trojan_free,aes_g,,0,0.2,NO_TROJAN,3027,0,139489
TjFree_aes_g_netlist.v,trojan_free,aes_g,,,,NO_TROJAN,2408,0,115848
TjFree_aes_netlist.v,trojan_free,aes,,,,NO_TROJAN,2117,0,103136
TjFree_alu_128_0.2_0_netlist.v,trojan_free,alu_128,,0,0.2,NO_TROJAN,4105,0,170004
TjFree_alu_128_g_0.2_0_netlist.v,trojan_free,alu_128_g,,0,0.2,NO_TROJAN,3610,0,153395
TjFree_alu_128_g_netlist.v,trojan_free,alu_128_g,,,,NO_TROJAN,2769,0,121555
TjFree_alu_128_netlist.v,trojan_free,alu_128,,,,NO_TROJAN,3210,0,135690
TjFree_branch_0.2_0_netlist.v,trojan_free,branch,,0,0.2,NO_TROJAN,1721,0,69261
TjFree_branch_g_0.2_0_netlist.v,trojan_free,branch_g,,0,0.2,NO_TROJAN,1524,0,61823
TjFree_branch_g_netlist.v,trojan_free,branch_g,,,,NO_TROJAN,1145,0,47478
TjFree_branch_netlist.v,trojan_free,branch,,,,NO_TROJAN,1290,0,52421
TjFree_control_0.2_0_netlist.v,trojan_free,control,,0,0.2,NO_TROJAN,174,0,6805
TjFree_control_g_0.2_0_netlist.v,trojan_free,control_g,,0,0.2,NO_TROJAN,141,0,5642
TjFree_control_g_netlist.v,trojan_free,control_g,,,,NO_TROJAN,115,0,4779
TjFree_control_netlist.v,trojan_free,control,,,,NO_TROJAN,137,0,5576
TjFree_fsm_0.2_0_netlist.v,trojan_free,fsm,,0,0.2,NO_TROJAN,103,0,3700
TjFree_fsm_g_0.2_0_netlist.v,trojan_free,fsm_g,,0,0.2,NO_TROJAN,73,0,2777
TjFree_fsm_g_netlist.v,trojan_free,fsm_g,,,,NO_TROJAN,60,0,2401
TjFree_fsm_netlist.v,trojan_free,fsm,,,,NO_TROJAN,83,0,3104
TjFree_imagproc_0.2_0_netlist.v,trojan_free,imagproc,,0,0.2,NO_TROJAN,1737,0,70098
TjFree_imagproc_g_0.2_0_netlist.v,trojan_free,imagproc_g,,0,0.2,NO_TROJAN,1625,0,65600
TjFree_imagproc_g_netlist.v,trojan_free,imagproc_g,,,,NO_TROJAN,1238,0,50952
TjFree_imagproc_netlist.v,trojan_free,imagproc,,,,NO_TROJAN,1305,0,53275
TjFree_pipeline_0.2_0_netlist.v,trojan_free,pipeline,,0,0.2,NO_TROJAN,53,0,1900
TjFree_pipeline_g_0.2_0_netlist.v,trojan_free,pipeline_g,,0,0.2,NO_TROJAN,41,0,1544
TjFree_pipeline_g_netlist.v,trojan_free,pipeline_g,,,,NO_TROJAN,35,0,1371
TjFree_pipeline_netlist.v,trojan_free,pipeline,,,,NO_TROJAN,41,0,1539
TjFree_register_0.2_0_netlist.v,trojan_free,register,,0,0.2,NO_TROJAN,964,0,43939
TjFree_register_g_0.2_0_netlist.v,trojan_free,register_g,,0,0.2,NO_TROJAN,911,0,41408
TjFree_register_g_netlist.v,trojan_free,register_g,,,,NO_TROJAN,757,0,36422
TjFree_register_netlist.v,trojan_free,register,,,,NO_TROJAN,756,0,37145
TjFree_sha_256_0.2_0_netlist.v,trojan_free,sha_256,,0,0.2,NO_TROJAN,2386,0,115477
TjFree_sha_256_g_0.2_0_netlist.v,trojan_free,sha_256_g,,0,0.2,NO_TROJAN,3023,0,143871
TjFree_sha_256_g_netlist.v,trojan_free,sha_256_g,,,,NO_TROJAN,2408,0,120997
TjFree_sha_256_netlist.v,trojan_free,sha_256,,,,NO_TROJAN,1934,0,98060
TjFree_shift_adder_0.2_0_netlist.v,trojan_free,shift_adder,,0,0.2,NO_TROJAN,346,0,13637
TjFree_shift_adder_g_0.2_0_netlist.v,trojan_free,shift_adder_g,,0,0.2,NO_TROJAN,326,0,13056
TjFree_shift_adder_g_netlist.v,trojan_free,shift_adder_g,,,,NO_TROJAN,238,0,10007
TjFree_shift_adder_netlist.v,trojan_free,shift_adder,,,,NO_TROJAN,267,0,10836
aes_128_free_0.1_0_netlist.v,trojan_free,,,,,NO_TROJAN,1043,0,47769
aes_128_free_0.1_1_netlist.v,trojan_free,,,,,NO_TROJAN,1025,0,47095
aes_128_free_0.1_2_netlist.v,trojan_free,,,,,NO_TROJAN,986,0,45548
aes_128_free_0.2_0_netlist.v,trojan_free,,,,,NO_TROJAN,1166,0,52127
aes_128_free_0.2_1_netlist.v,trojan_free,,,,,NO_TROJAN,1184,0,52939
aes_128_free_0.2_2_netlist.v,trojan_free,,,,,NO_TROJAN,1168,0,52203
aes_128_free_0.3_0_netlist.v,trojan_free,,,,,NO_TROJAN,1296,0,57369
aes_128_free_0.3_1_netlist.v,trojan_free,,,,,NO_TROJAN,1276,0,56616
aes_128_free_0.3_2_netlist.v,trojan_free,,,,,NO_TROJAN,1257,0,55676
aes_128_free_g_0.1_0_netlist.v,trojan_free,,,,,NO_TROJAN,813,0,36291
aes_128_free_g_0.1_1_netlist.v,trojan_free,,,,,NO_TROJAN,771,0,34888
aes_128_free_g_0.1_2_netlist.v,trojan_free,,,,,NO_TROJAN,780,0,35304
aes_128_free_g_0.2_0_netlist.v,trojan_free,,,,,NO_TROJAN,872,0,38329
aes_128_free_g_0.2_1_netlist.v,trojan_free,,,,,NO_TROJAN,882,0,38742
aes_128_free_g_0.2_2_netlist.v,trojan_free,,,,,NO_TROJAN,920,0,39986
aes_128_free_g_0.3_0_netlist.v,trojan_free,,,,,NO_TROJAN,1008,0,43197
aes_128_free_g_0.3_1_netlist.v,trojan_free,,,,,NO_TROJAN,998,0,42888
aes_128_free_g_0.3_2_netlist.v,trojan_free,,,,,NO_TROJAN,970,0,41892
aes_128_free_g_netlist.v,trojan_free,,,,,NO_TROJAN,698,0,32381
aes_128_free_netlist.v,trojan_free,,,,,NO_TROJAN,884,0,42007
mc8051_free_0.1_0_netlist.v,trojan_free,,,,,NO_TROJAN,394,0,17772
mc8051_free_0.1_1_netlist.v,trojan_free,,,,,NO_TROJAN,397,0,17884
mc8051_free_0.1_2_netlist.v,trojan_free,,,,,NO_TROJAN,394,0,17764
mc8051_free_0.2_0_netlist.v,trojan_free,,,,,NO_TROJAN,452,0,19689
mc8051_free_0.2_1_netlist.v,trojan_free,,,,,NO_TROJAN,458,0,19874
mc8051_free_0.2_2_netlist.v,trojan_free,,,,,NO_TROJAN,460,0,19989
mc8051_free_0.3_0_netlist.v,trojan_free,,,,,NO_TROJAN,472,0,20398
mc8051_free_0.3_1_netlist.v,trojan_free,,,,,NO_TROJAN,484,0,20770
mc8051_free_0.3_2_netlist.v,trojan_free,,,,,NO_TROJAN,488,0,20906
mc8051_free_g_0.1_0_netlist.v,trojan_free,,,,,NO_TROJAN,375,0,16668
mc8051_free_g_0.1_1_netlist.v,trojan_free,,,,,NO_TROJAN,376,0,16723
mc8051_free_g_0.1_2_netlist.v,trojan_free,,,,,NO_TROJAN,377,0,16738
mc8051_free_g_0.2_0_netlist.v,trojan_free,,,,,NO_TROJAN,406,0,17674
mc8051_free_g_0.2_1_netlist.v,trojan_free,,,,,NO_TROJAN,429,0,18458
mc8051_free_g_0.2_2_netlist.v,trojan_free,,,,,NO_TROJAN,435,0,18656
mc8051_free_g_0.3_0_netlist.v,trojan_free,,,,,NO_TROJAN,468,0,19732
mc8051_free_g_0.3_1_netlist.v,trojan_free,,,,,NO_TROJAN,439,0,18782
mc8051_free_g_0.3_2_netlist.v,trojan_free,,,,,NO_TROJAN,480,0,20163
mc8051_free_g_netlist.v,trojan_free,,,,,NO_TROJAN,341,0,15552
mc8051_free_netlist.v,trojan_free,,,,,NO_TROJAN,363,0,16752
pic16f84_free_0.1_0_netlist.v,trojan_free,,,,,NO_TROJAN,651,0,30027
pic16f84_free_0.1_1_netlist.v,trojan_free,,,,,NO_TROJAN,648,0,29932
pic16f84_free_0.1_2_netlist.v,trojan_free,,,,,NO_TROJAN,635,0,29509
pic16f84_free_0.2_0_netlist.v,trojan_free,,,,,NO_TROJAN,726,0,32489
pic16f84_free_0.2_1_netlist.v,trojan_free,,,,,NO_TROJAN,719,0,32250
pic16f84_free_0.2_2_netlist.v,trojan_free,,,,,NO_TROJAN,709,0,31958
pic16f84_free_0.3_0_netlist.v,trojan_free,,,,,NO_TROJAN,808,0,35154
pic16f84_free_0.3_1_netlist.v,trojan_free,,,,,NO_TROJAN,804,0,35028
pic16f84_free_0.3_2_netlist.v,trojan_free,,,,,NO_TROJAN,790,0,34612
pic16f84_free_g_0.1_0_netlist.v,trojan_free,,,,,NO_TROJAN,684,0,31177
pic16f84_free_g_0.1_1_netlist.v,trojan_free,,,,,NO_TROJAN,672,0,30772
pic16f84_free_g_0.1_2_netlist.v,trojan_free,,,,,NO_TROJAN,665,0,30546
pic16f84_free_g_0.2_0_netlist.v,trojan_free,,,,,NO_TROJAN,724,0,32448
pic16f84_free_g_0.2_1_netlist.v,trojan_free,,,,,NO_TROJAN,764,0,33780
pic16f84_free_g_0.2_2_netlist.v,trojan_free,,,,,NO_TROJAN,754,0,33427
pic16f84_free_g_0.3_0_netlist.v,trojan_free,,,,,NO_TROJAN,825,0,35755
pic16f84_free_g_0.3_1_netlist.v,trojan_free,,,,,NO_TROJAN,810,0,35293
pic16f84_free_g_0.3_2_netlist.v,trojan_free,,,,,NO_TROJAN,816,0,35493
pic16f84_free_g_netlist.v,trojan_free,,,,,NO_TROJAN,591,0,28141
pic16f84_free_netlist.v,trojan_free,,,,,NO_TROJAN,579,0,27695
rs232_free_0.1_0_netlist.v,trojan_free,,,,,NO_TROJAN,328,0,14670
rs232_free_0.1_1_netlist.v,trojan_free,,,,,NO_TROJAN,334,0,14854
rs232_free_0.1_2_netlist.v,trojan_free,,,,,NO_TROJAN,337,0,14963
rs232_free_0.2_0_netlist.v,trojan_free,,,,,NO_TROJAN,361,0,15752
rs232_free_0.2_1_netlist.v,trojan_free,,,,,NO_TROJAN,371,0,16078
rs232_free_0.2_2_netlist.v,trojan_free,,,,,NO_TROJAN,367,0,15928
rs232_free_0.3_0_netlist.v,trojan_free,,,,,NO_TROJAN,409,0,17369
rs232_free_0.3_1_netlist.v,trojan_free,,,,,NO_TROJAN,393,0,16806
rs232_free_0.3_2_netlist.v,trojan_free,,,,,NO_TROJAN,391,0,16730
rs232_free_g_0.1_0_netlist.v,trojan_free,,,,,NO_TROJAN,295,0,13117
rs232_free_g_0.1_1_netlist.v,trojan_free,,,,,NO_TROJAN,288,0,12879
rs232_free_g_0.1_2_netlist.v,trojan_free,,,,,NO_TROJAN,295,0,13105
rs232_free_g_0.2_0_netlist.v,trojan_free,,,,,NO_TROJAN,323,0,14032
rs232_free_g_0.2_1_netlist.v,trojan_free,,,,,NO_TROJAN,342,0,14668
rs232_free_g_0.2_2_netlist.v,trojan_free,,,,,NO_TROJAN,327,0,14161
rs232_free_g_0.3_0_netlist.v,trojan_free,,,,,NO_TROJAN,370,0,15588
rs232_free_g_0.3_1_netlist.v,trojan_free,,,,,NO_TROJAN,332,0,14333
rs232_free_g_0.3_2_netlist.v,trojan_free,,,,,NO_TROJAN,346,0,14795
rs232_free_g_netlist.v,trojan_free,,,,,NO_TROJAN,266,0,12157
rs232_free_netlist.v,trojan_free,,,,,NO_TROJAN,301,0,13781
